scenario.job_id,answer.persona
pew_w154_diff1_uniform_n96_001,"Your views emphasize gender similarity, seeing men and women as largely alike in personal interests, physical abilities, parenting, emotional expression, and workplace strengths."
pew_w154_diff1_uniform_n96_002,"Your views emphasize that men and women are generally similar in personal interests, physical abilities, parenting, and emotional expression, but you see them as basically different in what they are good at in the workplace."
pew_w154_diff1_uniform_n96_003,"Your views generally emphasize similarities between men and women in interests, abilities, parenting, and workplace strengths, while holding that they differ in how they express emotions."
pew_w154_diff1_uniform_n96_004,"Your views emphasize that men and women are broadly similar in personal interests, physical abilities, and parenting, while differing more in emotional expression and workplace strengths."
pew_w154_diff1_uniform_n96_005,"Your views emphasize broad similarity between men and women in most areas, including interests, physical abilities, emotional expression, and workplace strengths, while seeing parenting approaches as the main area where they are basically different."
pew_w154_diff1_uniform_n96_006,"Your views are that men and women are largely alike in personal interests, physical abilities, and emotional expression, but differ in parenting approaches and workplace strengths."
pew_w154_diff1_uniform_n96_007,"Your views hold that men and women are broadly similar in interests, physical capabilities, and workplace strengths, while differing more in relational or expressive areas such as parenting style and emotional expression."
pew_w154_diff1_uniform_n96_008,"Your views are that men and women are broadly alike in personal interests and physical abilities, while gender differences are more salient in family roles, emotional expression, and workplace strengths."
pew_w154_diff1_uniform_n96_009,"Your views are that men and women are largely alike in their interests, parenting, emotional expression, and workplace strengths, while physical abilities are the main area where basic differences remain."
pew_w154_diff1_uniform_n96_010,"Your views are that men and women are broadly similar in hobbies, parenting, and emotional expression, but show clearer differences in physical abilities and in the kinds of things they tend to be good at in the workplace."
pew_w154_diff1_uniform_n96_011,"Your views see men and women as mostly similar in personal interests, parenting approach, and workplace strengths, while recognizing clearer differences in physical abilities and emotional expression."
pew_w154_diff1_uniform_n96_012,"Your views are mixed: you see men and women as broadly similar in hobbies and parenting, but basically different in physical abilities, emotional expression, and workplace strengths."
pew_w154_diff1_uniform_n96_013,"Your views emphasize broad similarity between men and women in interests, emotional expression, and workplace abilities, while still recognizing meaningful gender differences in physical abilities and parenting approaches."
pew_w154_diff1_uniform_n96_014,"Your views see men and women as similar in personal interests and emotional expression, while seeing gender differences as more pronounced in physical abilities, parenting approaches, and workplace strengths."
pew_w154_diff1_uniform_n96_015,"Your views are that men and women are alike in personal interests and workplace capabilities, while differences are more pronounced in physical abilities, parenting approaches, and emotional expression."
pew_w154_diff1_uniform_n96_016,"Your views see men and women as having broadly similar hobbies and personal interests, while differing in physical abilities, parenting styles, emotional expression, and workplace strengths."
pew_w154_diff1_uniform_n96_017,"Your views are that men and women are largely alike in abilities, parenting, emotional expression, and workplace strengths, while gender differences stand out mainly in hobbies and personal interests."
pew_w154_diff1_uniform_n96_018,"Your views hold that men and women are mostly similar in core capacities and in family and emotional roles, including physical abilities, parenting, and expressing feelings, while you still see gender differences in personal interests and workplace strengths."
pew_w154_diff1_uniform_n96_019,"Your views are that men and women differ mainly in personal interests and emotional expression, while being broadly similar in physical abilities, parenting approaches, and workplace strengths."
pew_w154_diff1_uniform_n96_020,"Your views see men and women as often differing in personal interests, emotional expression, and workplace strengths, while broadly similar in physical abilities and approaches to parenting."
pew_w154_diff1_uniform_n96_021,"Your views see gender differences as more apparent in personal interests and parenting styles, while emphasizing basic similarity between men and women in physical abilities, emotional expression, and workplace strengths."
pew_w154_diff1_uniform_n96_022,"Your views see men and women as differing in socially shaped roles and preferences, especially in hobbies, parenting styles, and workplace strengths, while being broadly similar in physical abilities and emotional expression."
pew_w154_diff1_uniform_n96_023,"Your views are that men and women differ mainly in personal interests, parenting styles, and emotional expression, while being broadly similar in physical abilities and workplace strengths."
pew_w154_diff1_uniform_n96_024,"Your views are that men and women differ in many social and behavioral areas, including interests, parenting style, emotional expression, and workplace strengths, while their physical abilities are broadly similar overall."
pew_w154_diff1_uniform_n96_025,"Your views distinguish between perceived sex differences in personal interests and physical capabilities, while emphasizing similarity in social and role-based domains such as parenting, emotional expression, and workplace strengths."
pew_w154_diff1_uniform_n96_026,"Your views are that men and women differ in some practical or interest-based areas, especially hobbies, physical abilities, and workplace strengths, while being broadly similar in relational and emotional areas such as parenting and expressing feelings."
pew_w154_diff1_uniform_n96_027,"Your views see men and women as differing in personal interests, physical abilities, and emotional expression, while seeing them as broadly similar in parenting approaches and workplace strengths."
pew_w154_diff1_uniform_n96_028,"Your views are that men and women differ in several broad areas, especially physical abilities, emotional expression, hobbies, and workplace strengths, while their approach to parenting is largely similar."
pew_w154_diff1_uniform_n96_029,"Your views are that men and women differ in some personal, family, and physical domains, especially hobbies, physical abilities, and parenting approaches, while being broadly similar in emotional expression and workplace strengths."
pew_w154_diff1_uniform_n96_030,"Your views are that men and women differ across many practical and role-related areas, including interests, physical abilities, parenting approaches, and workplace strengths, while being basically similar in emotional expression."
pew_w154_diff1_uniform_n96_031,"Your views see men and women as generally different in personal interests, physical abilities, parenting approaches, and emotional expression, while seeing their workplace strengths and competencies as largely similar."
pew_w154_diff1_uniform_n96_032,"Your views emphasize consistent differences between men and women in personal interests, physical abilities, parenting approaches, emotional expression, and workplace strengths."
pew_w154_diff1_uniform_n96_033,"Your views emphasize similarities between men and women, seeing them as largely alike in personal interests, physical abilities, parenting, emotional expression, and workplace strengths."
pew_w154_diff1_uniform_n96_034,"Your views are that men and women are generally alike in personal interests, physical abilities, parenting, and emotional expression, while the workplace is an area where they tend to be good at different things."
pew_w154_diff1_uniform_n96_035,"Your views are that men and women are fundamentally similar in their interests, abilities, parenting, and workplace strengths, but basically different in emotional expression."
pew_w154_diff1_uniform_n96_036,"Your views emphasize broad similarities between men and women in personal interests, physical abilities, and parenting, while recognizing differences in emotional expression and workplace strengths."
pew_w154_diff1_uniform_n96_037,"Your views emphasize that men and women are broadly similar in their interests, physical abilities, emotional expression, and workplace strengths, while parenting approach is the main area where you see them as basically different."
pew_w154_diff1_uniform_n96_038,"Your views see men and women as broadly alike in personal interests, physical capabilities, and emotional expression, while seeing gender differences as more pronounced in parenting approaches and workplace strengths."
pew_w154_diff1_uniform_n96_039,"Your views emphasize broad similarity between men and women in interests, workplace strengths, and even physical abilities, while you see clearer gender differences in family roles and emotional expression."
pew_w154_diff1_uniform_n96_040,"Your views are that men and women are broadly alike in personal interests and physical capabilities, with more meaningful differences in family roles, emotional expression, and workplace strengths."
pew_w154_diff1_uniform_n96_041,"Your views are that men and women are broadly alike in their interests, parenting, emotional expression, and workplace strengths, while physical abilities are the main area where they are basically different."
pew_w154_diff1_uniform_n96_042,"Your views are that men and women are generally similar in personal interests, parenting approaches, and emotional expression, while differing more clearly in physical abilities and workplace strengths."
pew_w154_diff1_uniform_n96_043,"Your views emphasize broad similarity between men and women in everyday interests, parenting approaches, and workplace strengths, while seeing clearer gender differences in physical abilities and emotional expression."
pew_w154_diff1_uniform_n96_044,"Your views emphasize similarities between men and women in personal interests and parenting, while seeing clearer gender differences in physical abilities, emotional expression, and workplace strengths."
pew_w154_diff1_uniform_n96_045,"Your views emphasize similarities between men and women in interests, emotional expression, and workplace abilities, while seeing clearer gender differences in physical abilities and approaches to parenting."
pew_w154_diff1_uniform_n96_046,"Your views hold that men and women are alike in hobbies and emotional expression, but differ in physical abilities, parenting approaches, and workplace strengths."
pew_w154_diff1_uniform_n96_047,"Your views see men and women as largely alike in everyday interests and workplace capabilities, while seeing gender differences as more pronounced in physical abilities, parenting styles, and emotional expression."
pew_w154_diff1_uniform_n96_048,"Your views are that men and women share broadly similar hobbies and personal interests, while gender differences are more pronounced in physical abilities, parenting approaches, emotional expression, and workplace strengths."
pew_w154_diff1_uniform_n96_049,"Your views see men and women as largely alike in abilities, parenting, emotional expression, and workplace strengths, while seeing hobbies and personal interests as the main area where gender differences stand out."
pew_w154_diff1_uniform_n96_050,"Your views see men and women as alike in many core capacities and interpersonal roles, including physical abilities, parenting, and emotional expression, while still recognizing gender-based differences in personal interests and workplace strengths."
pew_w154_diff1_uniform_n96_051,"Your views see men and women as differing mainly in personal interests and emotional expression, while being broadly similar in physical abilities, parenting approaches, and workplace strengths."
pew_w154_diff1_uniform_n96_052,"Your views see men and women as different in personal interests, emotional expression, and workplace strengths, while seeing them as broadly similar in physical abilities and parenting approaches."
pew_w154_diff1_uniform_n96_053,"Your views are that gender differences are clearest in personal interests and parenting approaches, while men and women are broadly similar in physical abilities, emotional expression, and workplace strengths."
pew_w154_diff1_uniform_n96_054,"Your views are mixed: you see men and women as similar in physical abilities and emotional expression, but different in hobbies, parenting approaches, and workplace strengths."
pew_w154_diff1_uniform_n96_055,"Your views are that men and women differ in personal interests, parenting styles, and emotional expression, but are similar in physical abilities and workplace strengths."
pew_w154_diff1_uniform_n96_056,"Your views hold that men and women generally differ in their interests, parenting styles, emotional expression, and workplace strengths, while having basically similar physical abilities."
pew_w154_diff1_uniform_n96_057,"Your views are that men and women differ in hobbies and physical abilities, but are broadly similar in parenting, emotional expression, and workplace strengths."
pew_w154_diff1_uniform_n96_058,"Your views see men and women as different in interests, physical abilities, and workplace strengths, while broadly similar in parenting approaches and emotional expression."
pew_w154_diff1_uniform_n96_059,"Your views see gender differences as most evident in personal interests, physical abilities, and emotional expression, while seeing men and women as broadly similar in parenting approaches and workplace competencies."
pew_w154_diff1_uniform_n96_060,"Your views see men and women as differing across many personal and social domains, especially in physical abilities, emotional expression, hobbies, and workplace strengths, while seeing their parenting approaches as more basically similar."
pew_w154_diff1_uniform_n96_061,"Your views hold that men and women are clearly different in personal interests, physical abilities, and parenting styles, while largely similar in emotional expression and workplace capabilities."
pew_w154_diff1_uniform_n96_062,"Your views see men and women as differing in many practical and role-related areas, including interests, physical abilities, parenting approaches, and workplace strengths, while seeing emotional expression as more similar across genders."
pew_w154_diff1_uniform_n96_063,"Your views are that men and women tend to differ in personal interests, physical abilities, parenting styles, and emotional expression, while their workplace strengths and competencies are largely similar across genders."
pew_w154_diff1_uniform_n96_064,"Your views tend to see men and women as fundamentally different across personal and social domains, including interests, physical abilities, parenting styles, emotional expression, and workplace strengths."
pew_w154_diff1_uniform_n96_065,"Your views emphasize that men and women are broadly alike in interests, physical abilities, parenting, emotional expression, and workplace strengths, with little focus on gender-based differences."
pew_w154_diff1_uniform_n96_066,"Your views emphasize that men and women are broadly similar in personal interests, physical abilities, parenting, and emotional expression, while seeing the workplace as a distinct exception where they tend to be good at different things."
pew_w154_diff1_uniform_n96_067,"Your views emphasize broad similarities between men and women in interests, physical abilities, parenting, and workplace strengths, while still seeing a meaningful gender difference in how feelings are expressed."
pew_w154_diff1_uniform_n96_068,"Your views hold that men and women are largely alike in personal interests, physical abilities, and parenting approaches, while gender differences are more apparent in emotional expression and workplace strengths."
pew_w154_diff1_uniform_n96_069,"Your views are generally similarity-oriented: you see men and women as alike in interests, emotional expression, physical abilities, and workplace strengths, while viewing parenting as the main area where they tend to differ."
pew_w154_diff1_uniform_n96_070,"Your views emphasize broad similarities between men and women in personal interests, emotional expression, and even physical abilities, while recognizing gender differences in parenting approaches and workplace strengths."
pew_w154_diff1_uniform_n96_071,"Your views emphasize broad similarity between men and women in interests, physical abilities, and workplace strengths, while seeing clearer gender differences in relational or expressive areas such as parenting style and emotional expression."
pew_w154_diff1_uniform_n96_072,"Your views see men and women as broadly alike in personal interests and physical capabilities, while seeing differences as more pronounced in parenting styles, emotional expression, and workplace strengths."
pew_w154_diff1_uniform_n96_073,"Your views see men and women as largely similar in their interests, parenting, emotional expression, and workplace strengths, while recognizing physical abilities as a meaningful area of difference."
pew_w154_diff1_uniform_n96_074,"Your views hold that men and women are largely similar in personal interests, parenting, and emotional expression, while differing more clearly in physical abilities and workplace strengths."
pew_w154_diff1_uniform_n96_075,"Your views emphasize broad similarity between men and women in interests, parenting, and workplace strengths, while seeing clearer gender differences in physical abilities and emotional expression."
pew_w154_diff1_uniform_n96_076,"Your views see men and women as broadly similar in personal interests and parenting approaches, while differing more in physical abilities, emotional expression, and workplace strengths."
pew_w154_diff1_uniform_n96_077,"Your views emphasize broad similarities between men and women in interests, emotional expression, and workplace strengths, while seeing clearer gender differences in physical abilities and parenting approaches."
pew_w154_diff1_uniform_n96_078,"Your views see men and women as similar in personal interests and emotional expression, while differences are more pronounced in physical abilities, parenting approaches, and workplace strengths."
pew_w154_diff1_uniform_n96_079,"Your views see men and women as broadly similar in personal interests and workplace capabilities, while gender differences are more pronounced in physical abilities, parenting approaches, and emotional expression."
pew_w154_diff1_uniform_n96_080,"Your views see men and women as having broadly similar hobbies and interests, while gender differences stand out more in physical abilities, parenting style, emotional expression, and workplace strengths."
pew_w154_diff1_uniform_n96_081,"Your views see men and women as broadly similar in abilities, parenting, emotional expression, and workplace strengths, while recognizing clear differences in hobbies and personal interests."
pew_w154_diff1_uniform_n96_082,"Your views see gender differences mainly in personal interests and workplace strengths, while considering men and women broadly similar in physical abilities, parenting approaches, and emotional expression."
pew_w154_diff1_uniform_n96_083,"Your views see men and women as mostly similar in practical capacities and roles, including physical abilities, parenting, and workplace strengths, while seeing gender differences as more pronounced in personal interests and emotional expression."
pew_w154_diff1_uniform_n96_084,"Your views see men and women as differing mainly in personal interests, emotional expression, and workplace strengths, while being broadly similar in physical abilities and approaches to parenting."
pew_w154_diff1_uniform_n96_085,"Your views see men and women as differing in personal interests and parenting approaches, while being broadly similar in physical abilities, emotional expression, and workplace strengths."
pew_w154_diff1_uniform_n96_086,"Your views are that men and women differ in hobbies, parenting approaches, and workplace strengths, while being broadly similar in physical abilities and emotional expression."
pew_w154_diff1_uniform_n96_087,"Your views see men and women as different in personal interests, parenting approaches, and emotional expression, while broadly similar in physical abilities and workplace strengths."
pew_w154_diff1_uniform_n96_088,"Your views are that men and women differ in interests, parenting styles, emotional expression, and workplace strengths, while having broadly similar physical abilities."
pew_w154_diff1_uniform_n96_089,"Your views see men and women as differing mainly in personal interests and physical abilities, while being broadly similar in parenting, emotional expression, and workplace strengths."
pew_w154_diff1_uniform_n96_090,"Your views see men and women as different in hobbies, physical abilities, and workplace strengths, while broadly similar in parenting approaches and emotional expression."
pew_w154_diff1_uniform_n96_091,"Your views see men and women as clearly different in personal interests, physical abilities, and emotional expression, while broadly similar in parenting approaches and workplace strengths."
pew_w154_diff1_uniform_n96_092,"Your views are that men and women are mostly different in their interests, physical abilities, emotional expression, and workplace strengths, while their approach to parenting is more fundamentally similar."
pew_w154_diff1_uniform_n96_093,"Your views see men and women as different in personal interests, physical abilities, and parenting approaches, while broadly similar in emotional expression and workplace strengths."
pew_w154_diff1_uniform_n96_094,"Your views hold that men and women differ across many practical domains, including interests, physical abilities, parenting approaches, and workplace strengths, while their emotional expression is more fundamentally similar than different."
pew_w154_diff1_uniform_n96_095,"Your views emphasize perceived gender differences in personal interests, physical abilities, parenting styles, and emotional expression, while seeing men and women as largely similar in workplace competencies."
pew_w154_diff1_uniform_n96_096,"Your views of gender are consistently difference-oriented, seeing men and women as basically different in personal interests, physical abilities, parenting styles, emotional expression, and workplace strengths."
pew_w154_diff1_uniform_repair_r1_097,"Your views see observed gender differences as mostly shaped by individual personality, opportunity, and social expectations rather than basic differences between men and women. You allow some differences in interests, emotional expression, or physical abilities, but generally see underlying capacities and approaches as more similar than different."
pew_w154_diff1_uniform_repair_r1_098,"Your views see gender differences as shaped mainly by social roles and interests: men and women often gravitate toward different hobbies, parenting styles, and workplace strengths, but are not fundamentally different in basic physical capacity or in how openly they can express emotions."
pew_w154_diff1_uniform_repair_r1_099,"Your views emphasize broad overlap between men and women in personal interests and physical abilities, especially because of individual variation and opportunity. You also see gendered social expectations as shaping more noticeable differences in parenting style, emotional expression, and the strengths people tend to bring to workplace tasks."
pew_w154_diff1_uniform_repair_r1_100,"Your views see men and women as often shaped by different social expectations in everyday life, especially around interests, parenting roles, and emotional expression, while remaining skeptical that these differences imply broad limits in physical capability or workplace competence. You see people as largely similar in what they can do when given comparable opportunities."
pew_w154_diff1_uniform_repair_r1_101,"Your views see men and women as often shaped by different social expectations and tendencies in interests, emotional expression, physical strengths, and workplace aptitudes, while caregiving and parenting are largely rooted in similar concerns and responsibilities."
pew_w154_diff1_uniform_repair_r1_102,"Your views emphasize broad overlap in people’s interests, bodies, and caregiving styles, with individual variation mattering more than gender categories. You also think social norms and expectations still shape how men and women tend to express emotions and the strengths they develop or show at work."
pew_w154_diff1_uniform_repair_r1_103,"Your views emphasize that many everyday preferences and abilities are shaped more by personality, opportunity, and social context than by gender, so you see hobbies, emotional expression, and workplace strengths as broadly similar. You also think physical capacities often differ on average, and that parenting roles or instincts can be meaningfully shaped by gendered expectations or experiences."
pew_w154_diff1_uniform_repair_r1_104,"Your views emphasize broad overlap between men and women in personal interests, parenting values, and everyday physical capabilities, while recognizing that socialization and expectations often shape different emotional expression and somewhat different workplace strengths."
pew_w154_diff1_uniform_repair_r1_105,"Your views see many everyday differences as shaped by social interests and occupational sorting, making hobbies and workplace strengths often appear gendered. You also see men and women as broadly alike in core capacities, caregiving instincts, and emotional expression when expectations and opportunities are similar."
pew_w154_diff1_uniform_repair_r1_106,"Your views see many everyday preferences and ways of presenting oneself as shaped by gendered socialization, so you expect differences in hobbies, physical abilities, and emotional expression. At the same time, you see caregiving values and workplace competence as broadly shared across men and women, with individual variation mattering more than gender in those areas."
pew_w154_diff1_uniform_repair_r1_107,"Your views emphasize that most everyday preferences, caregiving, and emotional behaviors are shaped more by individual personality and shared social roles than by gender, while you still believe men and women often differ in average physical capacities and some work-related strengths."
pew_w154_diff1_uniform_repair_r1_108,"Your views see many everyday interests and parenting styles as shaped by gendered socialization, while believing men and women have broadly overlapping capacities in physical activity, emotional expression, and workplace competence."
pew_w154_diff1_uniform_repair_r1_109,"Your views treat many observed differences as domain-specific rather than universal: hobbies and parenting often diverge because of social expectations and life roles, while physical abilities, emotional expression, and workplace strengths vary more by individual than by gender."
pew_w154_diff1_uniform_repair_r1_110,"Your views emphasize overlap and individual variation in interests, physical capacity, and emotional expression, while still seeing social expectations and typical roles as shaping differences in how men and women approach parenting and workplace strengths."
pew_w154_diff1_uniform_repair_r1_111,"Your views are that men and women broadly overlap in interests, abilities, parenting styles, and workplace strengths, with most differences reflecting individuals rather than gender. You also think social expectations still cause men and women to express emotions in noticeably different ways."
pew_w154_diff1_uniform_repair_r1_112,"Your views see most everyday preferences, family roles, and emotional roles as shaped more by individual personality and shared life experiences than by gender, making hobbies, parenting, and emotional expression broadly similar. You still see some gender-linked differences as more noticeable in physical capabilities and in the workplace tasks or strengths people tend to develop."
pew_w154_diff1_uniform_repair_r1_113,"Your views emphasize broad overlap between men and women in everyday interests, general capabilities, and caregiving approaches, while still seeing noticeable gendered patterns in emotional expression and in the strengths people are encouraged to develop at work."
pew_w154_diff1_uniform_repair_r1_114,"Your views see some gender differences as more visible in everyday preferences, physical capacities, and parenting styles, but not in emotional expression or workplace competence. You distinguish socially patterned roles or interests from shared abilities to communicate feelings and succeed at work."
pew_w154_diff1_uniform_repair_r1_115,"Your views emphasize that everyday interests, caregiving styles, emotional expression, and workplace talents are shaped more by individual personality and experience than by gender, while physical abilities are an area where men and women tend to differ meaningfully."
pew_w154_diff1_uniform_repair_r1_116,"Your views see men and women as often drawn to different interests, physical strengths, and parenting styles, while seeing emotional expression and workplace competence as shaped more by individual personality, norms, and experience than by gender."
pew_w154_diff1_uniform_repair_r1_117,"Your views emphasize overlap between men and women in everyday interests, capabilities, emotional expression, and workplace strengths, while seeing parenting as an area where social expectations and lived roles often lead them to approach responsibilities differently."
pew_w154_diff1_uniform_repair_r1_118,"Your views emphasize that many everyday preferences and competencies are shaped more by individual personality, opportunity, and social setting than by gender, making hobbies, emotional expression, and workplace strengths broadly similar. You also believe biological differences matter for physical abilities, and that social expectations or lived experiences can lead men and women to approach parenting differently."
pew_w154_diff1_uniform_repair_r1_119,"Your views are that men and women have broadly overlapping interests and physical capacities, while gendered social expectations and life experiences often shape different approaches to caregiving, emotional expression, and workplace strengths."
pew_w154_diff1_uniform_repair_r1_120,"Your views emphasize broad overlap between men and women in everyday interests, physical capabilities, and emotional expression, with individual variation mattering most. You also think social roles and expectations often lead men and women to develop different parenting styles and workplace strengths."
pew_w154_diff1_uniform_repair_r1_121,"Your views see many observed gender differences as arising from everyday preferences, communication styles, and work-role strengths, while also holding that men and women have broadly comparable physical capacities and can approach parenting in much the same way. You see some social and behavioral differences as real, but not present across every domain."
pew_w154_diff1_uniform_repair_r1_122,"Your views see many everyday roles and preferences as shaped by gendered social patterns, including differences in interests, parenting styles, emotional expression, and workplace strengths, while still seeing men and women as largely overlapping in basic physical capabilities."
pew_w154_diff1_uniform_repair_r1_123,"Your views hold that many gender differences are shaped by social interests and leisure cultures, so hobbies may diverge, while core capacities, caregiving approaches, emotional expression, and workplace strengths are broadly shared across men and women."
pew_w154_diff1_uniform_repair_r1_124,"Your views see men and women as often drawn to different interests, physical strengths, and workplace skills, while believing they are basically similar in parenting priorities and emotional expression because shared human needs and social change shape both."
pew_w154_diff1_uniform_repair_r1_125,"Your views see everyday interests as largely shared across men and women, while holding that sex-linked socialization and biology often lead to differences in physical abilities, emotional expression, parenting styles, and workplace strengths."
pew_w154_diff1_uniform_repair_r1_126,"Your views see men and women as often developing different interests, physical strengths, and workplace skill niches, partly due to biology and long-standing social expectations. You also see parenting instincts and emotional expression as broadly human capacities that look more similar when people have comparable roles and expectations."
pew_w154_diff1_uniform_repair_r1_127,"Your views see many day-to-day preferences and expressive styles as shaped by gendered socialization, contributing to perceived differences in hobbies, emotional expression, and workplace strengths. At the same time, you see men and women as broadly comparable in physical capability and in the core responsibilities and instincts of parenting."
pew_w154_diff1_uniform_repair_r1_128,"Your views emphasize individual variation and shared interests over gender in hobbies and many physical capabilities, while still seeing social expectations and lived roles as reasons men and women often differ in parenting styles, emotional expression, and workplace strengths."
pew_w154_diff1_uniform_repair_r1_129,"Your views emphasize that most gender differences in everyday preferences, caregiving, emotional expression, and workplace strengths are shaped more by individual personality and social expectations than by basic differences between men and women, while physical abilities are more likely to differ by gender."
pew_w154_diff1_uniform_repair_r1_130,"Your views emphasize that many everyday preferences and relationship behaviors, including interests, parenting, and emotional expression, are shaped more by individual personality and social context than by gender. You also see physical abilities and some workplace strengths as areas where average gender differences can be meaningful, though not absolute."
pew_w154_diff1_uniform_repair_r1_131,"Your views are that men and women share many individual interests and have broadly overlapping physical capabilities, while gendered socialization and expectations still shape parenting styles, emotional expression, and perceived workplace strengths."
pew_w154_diff1_uniform_repair_r1_132,"Your views see most gender differences as shaped by individual variation and social expectations, with interests, abilities, emotional expression, and workplace strengths as broadly similar. You make an exception for parenting, where men and women often bring different styles or emphases to caregiving."
pew_w154_diff1_uniform_repair_r1_133,"Your views are that men and women often develop different interests, physical capacities, parenting styles, and patterns of emotional expression, but these differences do not imply different workplace talents or competencies."
pew_w154_diff1_uniform_repair_r1_134,"Your views emphasize broad overlap in everyday interests and workplace talents, while seeing some gender differences as more noticeable in embodied capabilities, parenting styles, and emotional expression. You do not see men and women as wholly different, but as shaped in specific domains by social expectations and some physical factors."
pew_w154_diff1_uniform_repair_r1_135,"Your views recognize some sex-linked differences in typical leisure interests and physical capabilities, while seeing men and women as broadly alike in their capacity to parent, express emotions, and succeed at workplace tasks; you see many differences as shaped more by individual personality and experience than by gender."
pew_w154_diff1_uniform_repair_r1_136,"Your views see men and women as broadly comparable in their capacities for physical activity and caregiving, while recognizing that socialization and expectations often steer them toward different interests, emotional styles, and somewhat different strengths or roles at work."
pew_w154_diff1_uniform_repair_r1_137,"Your views see substantial overlap in men’s and women’s everyday interests and general physical capabilities, while recognizing that social expectations and common life experiences often shape differences in parenting styles, emotional expression, and workplace strengths."
pew_w154_diff1_uniform_repair_r1_138,"Your views emphasize broad individual variation and shared capacities across most areas, seeing hobbies, parenting, emotional expression, and many physical abilities as more alike than different across men and women. You also suspect men and women may tend to bring somewhat different strengths or styles to workplace tasks, making that domain feel more gender-differentiated."
pew_w154_diff1_uniform_repair_r1_139,"Your views see gender differences as more evident in interests, physical capacities, and workplace strengths, while seeing caregiving priorities and emotional expression as shaped more by individual personality and circumstances than by gender."
pew_w154_diff1_uniform_repair_r1_140,"Your views see many everyday gender differences as shaped by socialization, roles, and physical patterns, especially in interests, emotional expression, parenting styles, and physical abilities, while also seeing men and women as equally capable and similarly skilled in workplace tasks."
pew_w154_diff1_uniform_repair_r1_141,"Your views see many everyday interests, emotional expression styles, and broad physical capabilities as substantially overlapping between men and women, while also seeing social expectations and lived roles as often shaping different approaches to parenting and workplace strengths."
pew_w154_diff1_uniform_repair_r1_142,"Your views are that men and women often develop different hobbies and personal interests because of social circles, media, and life experiences, while core capabilities and roles—physical ability, parenting, emotional expression, and workplace strengths—vary more by individual than by gender."
pew_w154_diff1_uniform_repair_r1_143,"Your views see men and women as broadly comparable in abilities, emotions, and workplace strengths, while recognizing that social expectations and life experiences often shape different interests and somewhat different parenting styles."
pew_w154_diff1_uniform_repair_r1_144,"Your views emphasize broad overlap in personal interests and see physical ability as shaped more by individual conditioning than by sex, while also recognizing that social expectations and lived experiences often lead men and women to differ in parenting style, emotional expression, and workplace strengths."
pew_w154_diff1_uniform_repair_r1_145,"Your views emphasize substantial overlap between men and women in everyday interests and physical capabilities, with individual variation mattering more than gender in those areas. You also think social expectations and life experiences often shape different styles in parenting, emotional expression, and workplace strengths."
pew_w154_diff1_uniform_repair_r1_146,"Your views see many differences in interests, physical strengths, and workplace skill tendencies as shaped by a mix of biology, social expectations, and experience. You also believe caregiving instincts and emotional expression are broadly human capacities, with men and women often more alike than different when given similar roles and norms."
pew_w154_diff1_uniform_repair_r1_147,"Your views hold that men and women often develop different interests, physical strengths, and workplace skill patterns, while caregiving instincts and emotional expression are broadly human capacities shaped more by individual personality and context than by gender."
pew_w154_diff1_uniform_repair_r1_148,"Your views are that men and women are often shaped by different interests, bodies, and parenting roles, but are broadly alike in emotional expression and workplace capabilities when given similar expectations and opportunities."
pew_w154_diff1_uniform_repair_r1_149,"Your views are that many everyday differences in hobbies and emotional expression are real and shaped by social norms and upbringing, while men and women are broadly comparable in practical physical capabilities, parenting approaches, and workplace strengths."
pew_w154_diff1_uniform_repair_r1_150,"Your views recognize common gender differences in leisure interests and physical abilities, while seeing parenting, emotional expression, and workplace strengths as shaped more by individual personality, experience, and opportunity than by gender."
pew_w154_diff1_uniform_repair_r1_151,"Your views see many everyday roles and preferences as shaped by gendered socialization, producing differences in interests, parenting styles, emotional expression, and workplace strengths, while seeing men and women as broadly comparable in underlying physical capabilities."
pew_w154_diff1_uniform_repair_r1_152,"Your views emphasize individual variation and social experience over gender in everyday interests, emotional expression, parenting, and physical capabilities, while also seeing men and women as often developing different workplace strengths because of differing expectations, opportunities, or learned roles."
pew_w154_diff1_uniform_repair_r1_153,"Your views emphasize that everyday interests, parenting, and emotional expression are shaped more by individual personality and shared social roles than by gender, while also recognizing that sex-linked physical differences affect physical abilities and that men and women may often develop or be steered toward different strengths in workplace tasks."
pew_w154_diff1_uniform_repair_r1_154,"Your views treat everyday interests, parenting approaches, and even physical capabilities as shaped more by individual variation and opportunity than by gender. At the same time, you believe social norms lead men and women to express emotions differently and may steer them toward different strengths or roles at work."
pew_w154_diff1_uniform_repair_r1_155,"Your views see men and women as broadly overlapping in interests, capabilities, emotional styles, and workplace strengths, while still recognizing that parenting can bring out different roles, instincts, or approaches shaped by social expectations and family dynamics."
pew_w154_diff1_uniform_repair_r1_156,"Your views see men and women as sharing many individual interests and workplace capabilities, while differences seem more noticeable in physical traits, parenting styles, and emotional expression. You distinguish between areas shaped by personal choice or opportunity and areas where you see more consistent gendered patterns."
pew_w154_diff1_uniform_repair_r1_157,"Your views are that many everyday roles and capacities overlap, especially in parenting, emotional expression, and physical capability, while socialization and personal choice often lead men and women toward different leisure interests and somewhat different workplace strengths."
pew_w154_diff1_uniform_repair_r1_158,"Your views see gender differences as shaped more by social roles, interests, and contexts than by broad differences in capacity. You think men and women often gravitate toward different hobbies, parenting styles, and workplace strengths, while their physical abilities and emotional expression are broadly similar overall."
pew_w154_diff1_uniform_repair_r1_159,"Your views are that men and women are often shaped by different social expectations in personal life, emotions, and parenting, while core physical capacity and workplace talents substantially overlap across gender."
pew_w154_diff1_uniform_repair_r1_160,"Your views are that most everyday interests, caregiving approaches, emotional expression, and workplace strengths are shaped more by individual personality and experience than by gender, while physical abilities are an area where average differences between men and women are more apparent."
pew_w154_diff1_uniform_repair_r2_161,"Your views see men and women as shaped by different social roles and interests in everyday life, parenting, and workplace strengths, while recognizing that physical capacity and emotional expression overlap substantially across individuals."
pew_w154_diff1_uniform_repair_r2_162,"Your views see many everyday differences as shaped by social norms and interests rather than broad capability. You think men and women often gravitate toward different hobbies and may develop different workplace strengths, while seeing physical capacity, parenting, and emotional expression as more overlapping than distinct."
pew_w154_diff1_uniform_repair_r2_163,"Your views see men and women as sharing many individual interests and workplace talents, while still believing that embodied differences and socialized roles often lead to different physical capabilities, parenting styles, and ways of expressing emotions."
pew_w154_diff1_uniform_repair_r2_164,"Your views are that men and women are often drawn to different interests and styles of emotional expression, with some gendered patterns in workplace strengths, while being broadly alike in core physical capacity and approaches to caring for children."
pew_w154_diff1_uniform_repair_r2_165,"Your views see gendered social expectations as still shaping hobbies and parenting styles, while you think men and women largely overlap in physical capability, emotional expression, and workplace strengths."
pew_w154_diff1_uniform_repair_r2_166,"Your views see many gender differences as shaped by social roles, expectations, and experience rather than broad limits in capacity. You think men and women often gravitate toward different interests, parenting habits, and workplace strengths, while remaining generally similar in physical potential and capacity to express emotions."
pew_w154_diff1_uniform_repair_r2_167,"Your views emphasize that everyday preferences, caregiving, and emotional styles are shaped more by personality and social experience than by gender, while still seeing average physical differences and some workplace strengths as making men and women better suited to different tasks."
pew_w154_diff1_uniform_repair_r2_168,"Your views see some gender differences as rooted in socially patterned preferences and roles, such as hobbies, parenting styles, and workplace strengths, while also holding that men and women overlap substantially in everyday physical capabilities and in emotional expression when expectations are similar."
pew_w154_diff1_uniform_repair_r2_169,"Your views are that men and women are often drawn to different interests, have different physical strengths, and may differ somewhat in workplace talents. You also believe caring for children and expressing emotions are shaped more by individual personality, family norms, and circumstances than by gender itself."
pew_w154_diff1_uniform_repair_r2_170,"Your views are that most observed gender differences are shaped more by individual personality, opportunity, and social expectations than by fundamental differences between men and women, though some differences may appear in particular situations."
pew_w154_diff1_uniform_repair_r2_171,"Your views emphasize broad overlap between men and women in personal interests and overall physical capability, while seeing social expectations and life roles as often shaping different approaches to parenting, emotional expression, and workplace strengths."
pew_w154_diff1_uniform_repair_r2_172,"Your views recognize many everyday differences in the hobbies and interests men and women tend to pursue, shaped by social norms and personal observation, but you do not see these as evidence of broad divides in abilities, caregiving, emotional expression, or workplace strengths."
pew_w154_diff1_uniform_repair_r2_173,"Your views see observed gender differences as shaped more by individual personality, opportunities, social expectations, and experience than by broad inherent differences between men and women. You generally expect substantial overlap across genders in interests, abilities, parenting, emotional expression, and workplace strengths, while allowing that real differences can exist in particular cases."
pew_w154_diff1_uniform_repair_r2_174,"Your views are that many everyday preferences and relationship roles are shaped by individual personality and shared family expectations, while average physical differences and some work-related strengths can lead men and women to excel at different kinds of tasks."
pew_w154_diff1_uniform_repair_r2_175,"Your views are that personal interests and emotional expression are shaped more by individual personality and social setting than by sex, while men and women often differ in physical capacities, parenting styles, and workplace strengths because of a mix of biology, social expectations, and life experience."
pew_w154_diff1_uniform_repair_r2_176,"Your views emphasize that men and women largely overlap in personal interests and workplace talents, with individual variation and opportunity mattering most. You see differences as more noticeable in physical abilities and in family or emotional roles, where biology and social expectations may shape behavior."
pew_w154_diff1_uniform_repair_r2_177,"Your views emphasize broad overlap between men and women in interests, workplace strengths, and many physical capabilities, with individual variation mattering more than gender. You also think social expectations and learned roles often lead men and women to approach parenting and emotional expression differently."
pew_w154_diff1_uniform_repair_r2_178,"Your views emphasize that everyday preferences, family roles, emotional expression, and many physical capacities are shaped more by individual personality and experience than by gender, while still suspecting that men and women often develop different strengths or are steered toward different competencies at work."
pew_w154_diff1_uniform_repair_r2_179,"Your views see gendered patterns as most visible in personal leisure choices, where socialization and peer norms can shape hobbies differently. You also see men and women as broadly alike in core capacities, caregiving instincts, emotional expression, and workplace strengths, with individual variation mattering more than gender."
pew_w154_diff1_uniform_repair_r2_180,"Your views hold that men and women often develop different interests, physical strengths, and workplace skill patterns, while day-to-day parenting goals and emotional expression are broadly shared across genders."
pew_w154_diff1_uniform_repair_r2_181,"Your views see many everyday preferences and caregiving behaviors as shaped more by individual personality and circumstances than by gender, while still holding that men and women often differ in bodily capabilities and may tend to excel in somewhat different workplace tasks or roles."
pew_w154_diff1_uniform_repair_r2_182,"Your views see some gender differences as more visible in everyday preferences, physical traits, and family roles, but not necessarily in emotional expression or workplace competence. You distinguish areas shaped by social norms or biology from those where individual personality, communication style, and skills matter more than gender."
pew_w154_diff1_uniform_repair_r2_183,"Your views emphasize that differences between men and women are shaped more by individual personality, experience, and social expectations than by broad gender-based traits. You may see some everyday differences, but you generally think men and women overlap substantially in interests, abilities, parenting, emotional expression, and workplace strengths."
pew_w154_diff1_uniform_repair_r2_184,"Your views see many everyday preferences and family roles as shaped by gendered social expectations, making hobbies and parenting feel different, while seeing men and women as broadly comparable in physical tasks, emotional expression, and workplace strengths, with individual variation mattering more than gender."
pew_w154_diff1_uniform_repair_r2_185,"Your views see socialization and cultural expectations as shaping some visible differences, especially in leisure interests, emotional expression, and perceived workplace strengths, while holding that men and women are broadly comparable in underlying physical capacity and in the goals and responsibilities they bring to parenting."
pew_w154_diff1_uniform_repair_r2_186,"Your views see hobbies and personal interests as mostly individual and widely shared across men and women, while also believing biological factors and social expectations create broad differences in physical abilities, parenting styles, emotional expression, and workplace strengths."
pew_w154_diff1_uniform_repair_r2_187,"Your views emphasize broad overlap between men and women in interests, abilities, emotional expression, and workplace strengths, while seeing parenting as an area where they often differ because of social expectations and family-role patterns."
pew_w154_diff1_uniform_repair_r2_188,"Your views see many everyday preferences and workplace strengths as shaped by gendered socialization or norms, while you believe men and women have broadly comparable capacities in physical activity, caregiving, and emotional expression when given similar opportunities and expectations."
pew_w154_diff1_uniform_repair_r2_189,"Your views see everyday preferences, emotional expression, and many physical capacities as substantially overlapping between men and women, while still holding that social roles and common life experiences tend to produce different strengths in parenting and workplace tasks."
pew_w154_diff1_uniform_repair_r2_190,"Your views see many gender differences as domain-specific rather than universal: interests and parenting styles often seem shaped by social roles or expectations, while physical capability, emotional expression, and workplace strengths broadly overlap between men and women."
pew_w154_diff1_uniform_repair_r2_191,"Your views emphasize how socialization and everyday roles shape differences in interests, parenting styles, and emotional expression, while also seeing men and women as generally having comparable physical capacities in ordinary life and similar potential strengths at work."
pew_w154_diff1_uniform_repair_r2_192,"Your views recognize that many everyday preferences and capabilities overlap across men and women, while social roles and expectations still shape differences in caregiving, emotional expression, and workplace strengths."
pew_w154_diff1_uniform_repair_r2_193,"Your views are that men and women often develop different interests, parenting styles, emotional habits, and workplace strengths because of social expectations and life experiences, while physical abilities overlap substantially and depend more on individual fitness, training, and health than on gender alone."
pew_w154_diff1_uniform_repair_r2_194,"Your views see men and women as having broadly overlapping interests, capabilities, parenting instincts, and workplace strengths, while also believing that social habits or expectations often lead them to express emotions in noticeably different ways."
pew_w154_diff1_uniform_repair_r2_195,"Your views see men and women as broadly alike in their interests, capabilities, and workplace talents, while recognizing that social expectations and family roles still lead them to approach parenting and emotional expression differently."
pew_w154_diff1_uniform_repair_r2_196,"Your views see men and women as similarly capable in many everyday roles, including physical ability, emotional expression, and parenting, while also seeing socialization and preferences as often leading them toward different hobbies and somewhat different workplace strengths."
pew_w154_diff1_uniform_repair_r2_197,"Your views emphasize substantial overlap between men and women in everyday interests, physical capability, and emotional expression, with individual variation mattering more than gender. You also think social expectations and lived experience often lead men and women to approach parenting differently and develop somewhat different strengths at work."
pew_w154_diff1_uniform_repair_r2_198,"Your views see everyday interests, physical capability, and parenting as shaped more by individual personality and circumstances than by gender, while recognizing that social norms and expectations still lead men and women to express emotions differently and develop somewhat different strengths at work."
pew_w154_diff1_uniform_repair_r2_199,"Your views see many everyday preferences and competencies as shaped more by individual personality and opportunity than by gender, especially interests, emotional expression, and workplace strengths. You also give weight to perceived average differences in physical capabilities and believe parenting roles or instincts often develop in somewhat gendered ways."
pew_w154_diff1_uniform_repair_r2_200,"Your views see many everyday interests and even physical abilities as overlapping across men and women, with individual variation mattering. You also think social roles and norms still shape differences in parenting styles, emotional expression, and perceived strengths at work."
pew_w154_diff1_uniform_repair_r2_201,"Your views see men and women as having similar priorities and responsibilities in raising children, while still differing in interests, physical capacities, emotional expression, and the tasks or strengths they tend to bring to work."
pew_w154_diff1_uniform_repair_r2_202,"Your views see everyday interests and emotional expression as shaped mostly by individual personality and shared culture, while men and women often differ in embodied strengths, parenting styles, and typical workplace aptitudes."
pew_w154_diff1_uniform_repair_r2_203,"Your views see many everyday preferences and roles—such as interests, physical capabilities, and parenting—as shaped more by individual personality, opportunity, and family circumstances than by gender, while still recognizing that gender-linked socialization affects emotional expression and some workplace strengths or expectations."
pew_w154_diff1_uniform_repair_r2_204,"Your views are that some gender differences arise from social expectations and everyday roles, especially in interests, parenting styles, and workplace strengths, while men and women substantially overlap in physical capability and emotional expression."
pew_w154_diff1_uniform_repair_r2_205,"Your views see some gender differences as shaped by everyday socialization and physical realities, especially in interests, physical abilities, and workplace strengths. You also think men and women are largely alike in core caregiving instincts and emotional expression, while individuals vary widely."
pew_w154_diff1_uniform_repair_r2_206,"Your views emphasize that socialization and personal roles shape differences in interests, parenting styles, and emotional expression, while men and women have broadly comparable physical capacities and workplace strengths when given similar opportunities."
pew_w154_diff1_uniform_repair_r2_207,"Your views see social experience and self-selection as shaping some gender differences in interests and workplace strengths, while you believe men and women are broadly alike in core capacities, caregiving instincts, and emotional expression when given similar expectations and opportunities."
pew_w154_diff1_uniform_repair_r2_208,"Your views see men and women as broadly overlapping in interests, emotional styles, parenting approaches, and workplace strengths, while recognizing typical physical ability differences as a meaningful basic difference."
