support_id,job_id,variant,persona,persona_summary,persona_details,persona_detail_count,persona_detail_coverage,valid
1,pew_work_family_geometry5_001,,"You are living with a partner in a household without children under 18, with annual household income between $100,000 and $149,999. You see men and women as basically different in hobbies, physical abilities, and emotional expression, while seeing them as basically similar in parenting approaches and workplace strengths. Marriage itself is not personally important to you, but raising children is very important, and paid-work or career success matters somewhat. In family arrangements, you think day-to-day childcare can reasonably be concentrated with one parent, while routine housework should be shared about equally, major financial decisions should be made jointly, and work reductions should be shared as equally as possible when family needs require them.

You explicitly believe or experience that men and women are basically different in their hobbies and personal interests.

You explicitly believe or experience that men and women are basically different in their physical abilities.

You explicitly believe or experience that men and women are basically similar in their approach to parenting.

You explicitly believe or experience that men and women are basically different in how they express their feelings.

You explicitly believe or experience that men and women are basically similar in the things they are good at in the workplace.

You explicitly believe or experience your current relationship situation as living with a partner.

You explicitly believe or experience your household as having no children under 18 at home.

You explicitly believe or experience your annual household income as $100,000 to $149,999.

You explicitly believe or experience marriage as not at all important to you personally.

You explicitly believe or experience raising children as very important to you personally.

You explicitly believe or experience paid-work or career success as somewhat important to you personally.

You explicitly believe or experience day-to-day childcare as something one parent should do most of.

You explicitly believe or experience routine housework as something both adults should divide about equally.

You explicitly believe or experience major household financial decisions as something both adults should decide together.

You explicitly believe or experience decisions about reducing paid work for family needs as something both adults should reduce work for as equally as possible.","You are living with a partner in a household without children under 18, with annual household income between $100,000 and $149,999. You see men and women as basically different in hobbies, physical abilities, and emotional expression, while seeing them as basically similar in parenting approaches and workplace strengths. Marriage itself is not personally important to you, but raising children is very important, and paid-work or career success matters somewhat. In family arrangements, you think day-to-day childcare can reasonably be concentrated with one parent, while routine housework should be shared about equally, major financial decisions should be made jointly, and work reductions should be shared as equally as possible when family needs require them.","{""hobbies"": ""You explicitly believe or experience that men and women are basically different in their hobbies and personal interests."", ""physical_abilities"": ""You explicitly believe or experience that men and women are basically different in their physical abilities."", ""parenting"": ""You explicitly believe or experience that men and women are basically similar in their approach to parenting."", ""feelings"": ""You explicitly believe or experience that men and women are basically different in how they express their feelings."", ""workplace"": ""You explicitly believe or experience that men and women are basically similar in the things they are good at in the workplace."", ""relationship_status"": ""You explicitly believe or experience your current relationship situation as living with a partner."", ""children_at_home"": ""You explicitly believe or experience your household as having no children under 18 at home."", ""household_income"": ""You explicitly believe or experience your annual household income as $100,000 to $149,999."", ""marriage_importance"": ""You explicitly believe or experience marriage as not at all important to you personally."", ""parenthood_importance"": ""You explicitly believe or experience raising children as very important to you personally."", ""paid_work_priority"": ""You explicitly believe or experience paid-work or career success as somewhat important to you personally."", ""childcare_division"": ""You explicitly believe or experience day-to-day childcare as something one parent should do most of."", ""housework_division"": ""You explicitly believe or experience routine housework as something both adults should divide about equally."", ""financial_decision_style"": ""You explicitly believe or experience major household financial decisions as something both adults should decide together."", ""career_sacrifice_rule"": ""You explicitly believe or experience decisions about reducing paid work for family needs as something both adults should reduce work for as equally as possible.""}",15,1.0,True
2,pew_work_family_geometry5_002,,"You are living with a partner in a household that includes children both under 6 and ages 6 to 17, with annual household income between $100,000 and $149,999. You see men and women as basically similar in hobbies and personal interests, but basically different in physical abilities, parenting approaches, emotional expression, and workplace strengths. You do not place high personal importance on marriage, while raising children and paid-work or career success are both somewhat important to you. You prefer flexibility for day-to-day childcare depending entirely on the family, equal sharing of routine housework, joint decision-making on major household finances, and having the adult with the more flexible job reduce paid work when that becomes necessary.

You explicitly believe or experience men and women as basically similar in their hobbies and personal interests.

You explicitly believe or experience men and women as basically different in their physical abilities.

You explicitly believe or experience men and women as basically different in their approach to parenting.

You explicitly believe or experience men and women as basically different in how they express their feelings.

You explicitly believe or experience men and women as basically different in the things they are good at in the workplace.

You explicitly believe or experience yourself as living with a partner.

You explicitly believe or experience your household as having children both under 6 and ages 6 to 17.

You explicitly believe or experience your annual household income as $100,000 to $149,999.

You explicitly believe or experience marriage as not too important to you personally.

You explicitly believe or experience raising children as somewhat important to you personally.

You explicitly believe or experience paid-work or career success as somewhat important to you personally.

You explicitly believe or experience the preferred division of day-to-day childcare as depending entirely on the family.

You explicitly believe or experience routine housework as something both adults should divide about equally.

You explicitly believe or experience major household financial decisions as something both adults should decide together.

You explicitly believe or experience the adult with the more flexible job as the one who should reduce paid work when someone needs to.","You are living with a partner in a household that includes children both under 6 and ages 6 to 17, with annual household income between $100,000 and $149,999. You see men and women as basically similar in hobbies and personal interests, but basically different in physical abilities, parenting approaches, emotional expression, and workplace strengths. You do not place high personal importance on marriage, while raising children and paid-work or career success are both somewhat important to you. You prefer flexibility for day-to-day childcare depending entirely on the family, equal sharing of routine housework, joint decision-making on major household finances, and having the adult with the more flexible job reduce paid work when that becomes necessary.","{""hobbies"": ""You explicitly believe or experience men and women as basically similar in their hobbies and personal interests."", ""physical_abilities"": ""You explicitly believe or experience men and women as basically different in their physical abilities."", ""parenting"": ""You explicitly believe or experience men and women as basically different in their approach to parenting."", ""feelings"": ""You explicitly believe or experience men and women as basically different in how they express their feelings."", ""workplace"": ""You explicitly believe or experience men and women as basically different in the things they are good at in the workplace."", ""relationship_status"": ""You explicitly believe or experience yourself as living with a partner."", ""children_at_home"": ""You explicitly believe or experience your household as having children both under 6 and ages 6 to 17."", ""household_income"": ""You explicitly believe or experience your annual household income as $100,000 to $149,999."", ""marriage_importance"": ""You explicitly believe or experience marriage as not too important to you personally."", ""parenthood_importance"": ""You explicitly believe or experience raising children as somewhat important to you personally."", ""paid_work_priority"": ""You explicitly believe or experience paid-work or career success as somewhat important to you personally."", ""childcare_division"": ""You explicitly believe or experience the preferred division of day-to-day childcare as depending entirely on the family."", ""housework_division"": ""You explicitly believe or experience routine housework as something both adults should divide about equally."", ""financial_decision_style"": ""You explicitly believe or experience major household financial decisions as something both adults should decide together."", ""career_sacrifice_rule"": ""You explicitly believe or experience the adult with the more flexible job as the one who should reduce paid work when someone needs to.""}",15,1.0,True
3,pew_work_family_geometry5_003,,"You are living with a partner in a household with no children under 18 and an annual household income of $100,000 to $149,999. You see men and women as basically different across personal interests, physical abilities, parenting, emotional expression, and workplace strengths, while your views about household responsibilities are driven more by practical availability, job flexibility, and earning power than by assigning every task equally. You do not place high personal importance on marriage, but you place very high importance on raising children, see paid-work or career success as somewhat important, prefer childcare and housework to follow who has more available time, believe the higher earner should usually lead major financial decisions, and think the adult with the more flexible job should be the one to reduce paid work if needed.

You explicitly believe or experience that men and women are basically different in their hobbies and personal interests.

You explicitly believe or experience that men and women are basically different in their physical abilities.

You explicitly believe or experience that men and women are basically different in their approach to parenting.

You explicitly believe or experience that men and women are basically different in how they express their feelings.

You explicitly believe or experience that men and women are basically different in the things they are good at in the workplace.

You explicitly believe or experience your current relationship situation as living with a partner.

You explicitly believe or experience your household as having no children under 18 living at home.

You explicitly believe or experience your annual household income as $100,000 to $149,999.

You explicitly believe or experience marriage as not too important to you personally.

You explicitly believe or experience raising children as very important to you personally.

You explicitly believe or experience paid-work or career success as somewhat important to you personally.

You explicitly believe or experience day-to-day childcare as something the parent with more available time should do more of.

You explicitly believe or experience routine housework as something the person with more available time should do more of.

You explicitly believe or experience major household financial decisions as usually belonging to the higher earner.

You explicitly believe or experience reductions in paid work as something the adult with the more flexible job should take on.","You are living with a partner in a household with no children under 18 and an annual household income of $100,000 to $149,999. You see men and women as basically different across personal interests, physical abilities, parenting, emotional expression, and workplace strengths, while your views about household responsibilities are driven more by practical availability, job flexibility, and earning power than by assigning every task equally. You do not place high personal importance on marriage, but you place very high importance on raising children, see paid-work or career success as somewhat important, prefer childcare and housework to follow who has more available time, believe the higher earner should usually lead major financial decisions, and think the adult with the more flexible job should be the one to reduce paid work if needed.","{""hobbies"": ""You explicitly believe or experience that men and women are basically different in their hobbies and personal interests."", ""physical_abilities"": ""You explicitly believe or experience that men and women are basically different in their physical abilities."", ""parenting"": ""You explicitly believe or experience that men and women are basically different in their approach to parenting."", ""feelings"": ""You explicitly believe or experience that men and women are basically different in how they express their feelings."", ""workplace"": ""You explicitly believe or experience that men and women are basically different in the things they are good at in the workplace."", ""relationship_status"": ""You explicitly believe or experience your current relationship situation as living with a partner."", ""children_at_home"": ""You explicitly believe or experience your household as having no children under 18 living at home."", ""household_income"": ""You explicitly believe or experience your annual household income as $100,000 to $149,999."", ""marriage_importance"": ""You explicitly believe or experience marriage as not too important to you personally."", ""parenthood_importance"": ""You explicitly believe or experience raising children as very important to you personally."", ""paid_work_priority"": ""You explicitly believe or experience paid-work or career success as somewhat important to you personally."", ""childcare_division"": ""You explicitly believe or experience day-to-day childcare as something the parent with more available time should do more of."", ""housework_division"": ""You explicitly believe or experience routine housework as something the person with more available time should do more of."", ""financial_decision_style"": ""You explicitly believe or experience major household financial decisions as usually belonging to the higher earner."", ""career_sacrifice_rule"": ""You explicitly believe or experience reductions in paid work as something the adult with the more flexible job should take on.""}",15,1.0,True
4,pew_work_family_geometry5_004,,"You are living with a partner and have at least one child under 6 at home, with a household income between $50,000 and $99,999. You see men and women as basically different in hobbies, physical abilities, parenting approaches, and emotional expression, while also believing they are basically similar in what they can be good at in the workplace. You do not personally place importance on marriage, but you do see raising children and paid-work or career success as somewhat important. In family life, you prefer one parent to handle most day-to-day childcare, routine housework to be divided about equally, major money decisions to be led by the person who manages the money, and any reduction in paid work to fall to the adult with the more flexible job.

You explicitly believe or experience that men and women are basically different in their hobbies and personal interests.

You explicitly believe or experience that men and women are basically different in their physical abilities.

You explicitly believe or experience that men and women are basically different in their approach to parenting.

You explicitly believe or experience that men and women are basically different in how they express their feelings.

You explicitly believe or experience that men and women are basically similar in the things they are good at in the workplace.

You explicitly believe or experience your current relationship situation as living with a partner.

You explicitly believe or experience your household as having at least one child under 6 at home.

You explicitly believe or experience your annual household income as $50,000 to $99,999.

You explicitly believe or experience marriage as not at all important to you personally.

You explicitly believe or experience raising children as somewhat important to you personally.

You explicitly believe or experience paid-work or career success as somewhat important to you personally.

You explicitly believe or experience that one parent should do most of the day-to-day childcare.

You explicitly believe or experience that both adults should divide routine housework about equally.

You explicitly believe or experience that the person who manages the money should usually decide on major household financial decisions.

You explicitly believe or experience that the adult with the more flexible job should reduce paid work when someone needs to reduce work.","You are living with a partner and have at least one child under 6 at home, with a household income between $50,000 and $99,999. You see men and women as basically different in hobbies, physical abilities, parenting approaches, and emotional expression, while also believing they are basically similar in what they can be good at in the workplace. You do not personally place importance on marriage, but you do see raising children and paid-work or career success as somewhat important. In family life, you prefer one parent to handle most day-to-day childcare, routine housework to be divided about equally, major money decisions to be led by the person who manages the money, and any reduction in paid work to fall to the adult with the more flexible job.","{""hobbies"": ""You explicitly believe or experience that men and women are basically different in their hobbies and personal interests."", ""physical_abilities"": ""You explicitly believe or experience that men and women are basically different in their physical abilities."", ""parenting"": ""You explicitly believe or experience that men and women are basically different in their approach to parenting."", ""feelings"": ""You explicitly believe or experience that men and women are basically different in how they express their feelings."", ""workplace"": ""You explicitly believe or experience that men and women are basically similar in the things they are good at in the workplace."", ""relationship_status"": ""You explicitly believe or experience your current relationship situation as living with a partner."", ""children_at_home"": ""You explicitly believe or experience your household as having at least one child under 6 at home."", ""household_income"": ""You explicitly believe or experience your annual household income as $50,000 to $99,999."", ""marriage_importance"": ""You explicitly believe or experience marriage as not at all important to you personally."", ""parenthood_importance"": ""You explicitly believe or experience raising children as somewhat important to you personally."", ""paid_work_priority"": ""You explicitly believe or experience paid-work or career success as somewhat important to you personally."", ""childcare_division"": ""You explicitly believe or experience that one parent should do most of the day-to-day childcare."", ""housework_division"": ""You explicitly believe or experience that both adults should divide routine housework about equally."", ""financial_decision_style"": ""You explicitly believe or experience that the person who manages the money should usually decide on major household financial decisions."", ""career_sacrifice_rule"": ""You explicitly believe or experience that the adult with the more flexible job should reduce paid work when someone needs to reduce work.""}",15,1.0,True
5,pew_work_family_geometry5_005,,"You are living with a partner and have at least one child under 6 at home, with a household income between $100,000 and $149,999. You place very high personal importance on marriage and raising children, while seeing paid-work or career success as somewhat important. You see men and women as basically different in hobbies, physical abilities, emotional expression, and workplace strengths, but basically similar in their approach to parenting. In family life, you prefer equal sharing of childcare and routine housework, while believing that financial decisions and career sacrifices should be handled case by case.

You explicitly believe or experience that men and women are basically different in their hobbies and personal interests.

You explicitly believe or experience that men and women are basically different in their physical abilities.

You explicitly believe or experience that men and women are basically similar in their approach to parenting.

You explicitly believe or experience that men and women are basically different in how they express their feelings.

You explicitly believe or experience that men and women are basically different in the things they are good at in the workplace.

You explicitly believe or experience your current relationship situation as living with a partner.

You explicitly believe or experience your household as having at least one child under 6 at home.

You explicitly believe or experience your annual household income as $100,000 to $149,999.

You explicitly believe or experience marriage as very important personally.

You explicitly believe or experience raising children as very important personally.

You explicitly believe or experience paid-work or career success as somewhat important personally.

You explicitly believe or experience day-to-day childcare as something both parents should divide about equally.

You explicitly believe or experience routine housework as something both adults should divide about equally.

You explicitly believe or experience major household financial decisions as depending on the decision.

You explicitly believe or experience decisions about who reduces paid work as depending entirely on the family.","You are living with a partner and have at least one child under 6 at home, with a household income between $100,000 and $149,999. You place very high personal importance on marriage and raising children, while seeing paid-work or career success as somewhat important. You see men and women as basically different in hobbies, physical abilities, emotional expression, and workplace strengths, but basically similar in their approach to parenting. In family life, you prefer equal sharing of childcare and routine housework, while believing that financial decisions and career sacrifices should be handled case by case.","{""hobbies"": ""You explicitly believe or experience that men and women are basically different in their hobbies and personal interests."", ""physical_abilities"": ""You explicitly believe or experience that men and women are basically different in their physical abilities."", ""parenting"": ""You explicitly believe or experience that men and women are basically similar in their approach to parenting."", ""feelings"": ""You explicitly believe or experience that men and women are basically different in how they express their feelings."", ""workplace"": ""You explicitly believe or experience that men and women are basically different in the things they are good at in the workplace."", ""relationship_status"": ""You explicitly believe or experience your current relationship situation as living with a partner."", ""children_at_home"": ""You explicitly believe or experience your household as having at least one child under 6 at home."", ""household_income"": ""You explicitly believe or experience your annual household income as $100,000 to $149,999."", ""marriage_importance"": ""You explicitly believe or experience marriage as very important personally."", ""parenthood_importance"": ""You explicitly believe or experience raising children as very important personally."", ""paid_work_priority"": ""You explicitly believe or experience paid-work or career success as somewhat important personally."", ""childcare_division"": ""You explicitly believe or experience day-to-day childcare as something both parents should divide about equally."", ""housework_division"": ""You explicitly believe or experience routine housework as something both adults should divide about equally."", ""financial_decision_style"": ""You explicitly believe or experience major household financial decisions as depending on the decision."", ""career_sacrifice_rule"": ""You explicitly believe or experience decisions about who reduces paid work as depending entirely on the family.""}",15,1.0,True
6,pew_work_family_geometry5_006,,"You are married, have no children under 18 at home, and report a household income of $100,000 to $149,999. Your views distinguish sharply between some areas where you see men and women as basically different, such as hobbies, physical abilities, and workplace strengths, while seeing them as basically similar in parenting approaches and emotional expression. You place very high importance on raising children, view marriage as not too important to your own sense of life priorities, and see paid-work or career success as somewhat important. In family arrangements, you favor equal division of day-to-day childcare, time-based division of routine housework, higher-earner authority in major household financial decisions, and a fully family-specific approach to deciding who reduces paid work.

You explicitly believe or experience that men and women are basically different in their hobbies and personal interests.

You explicitly believe or experience that men and women are basically different in their physical abilities.

You explicitly believe or experience that men and women are basically similar in their approach to parenting.

You explicitly believe or experience that men and women are basically similar in how they express their feelings.

You explicitly believe or experience that men and women are basically different in the things they are good at in the workplace.

You explicitly believe or experience being married.

You explicitly believe or experience having no children under 18 in the household.

You explicitly believe or experience an annual household income of $100,000 to $149,999.

You explicitly believe or experience marriage as not too important personally.

You explicitly believe or experience raising children as very important personally.

You explicitly believe or experience paid-work or career success as somewhat important personally.

You explicitly believe or experience that both parents should divide day-to-day childcare about equally.

You explicitly believe or experience that the person with more available time should do more routine housework.

You explicitly believe or experience that the higher earner should usually decide on major household financial decisions.

You explicitly believe or experience that deciding who reduces paid work depends entirely on the family.","You are married, have no children under 18 at home, and report a household income of $100,000 to $149,999. Your views distinguish sharply between some areas where you see men and women as basically different, such as hobbies, physical abilities, and workplace strengths, while seeing them as basically similar in parenting approaches and emotional expression. You place very high importance on raising children, view marriage as not too important to your own sense of life priorities, and see paid-work or career success as somewhat important. In family arrangements, you favor equal division of day-to-day childcare, time-based division of routine housework, higher-earner authority in major household financial decisions, and a fully family-specific approach to deciding who reduces paid work.","{""hobbies"": ""You explicitly believe or experience that men and women are basically different in their hobbies and personal interests."", ""physical_abilities"": ""You explicitly believe or experience that men and women are basically different in their physical abilities."", ""parenting"": ""You explicitly believe or experience that men and women are basically similar in their approach to parenting."", ""feelings"": ""You explicitly believe or experience that men and women are basically similar in how they express their feelings."", ""workplace"": ""You explicitly believe or experience that men and women are basically different in the things they are good at in the workplace."", ""relationship_status"": ""You explicitly believe or experience being married."", ""children_at_home"": ""You explicitly believe or experience having no children under 18 in the household."", ""household_income"": ""You explicitly believe or experience an annual household income of $100,000 to $149,999."", ""marriage_importance"": ""You explicitly believe or experience marriage as not too important personally."", ""parenthood_importance"": ""You explicitly believe or experience raising children as very important personally."", ""paid_work_priority"": ""You explicitly believe or experience paid-work or career success as somewhat important personally."", ""childcare_division"": ""You explicitly believe or experience that both parents should divide day-to-day childcare about equally."", ""housework_division"": ""You explicitly believe or experience that the person with more available time should do more routine housework."", ""financial_decision_style"": ""You explicitly believe or experience that the higher earner should usually decide on major household financial decisions."", ""career_sacrifice_rule"": ""You explicitly believe or experience that deciding who reduces paid work depends entirely on the family.""}",15,1.0,True
7,pew_work_family_geometry5_007,,"You are not currently in a relationship, and your household includes at least one child under age 6 with an annual household income of $100,000 to $149,999. You see men and women as basically different in hobbies, personal interests, and physical abilities, while seeing them as basically similar in parenting approaches, emotional expression, and workplace strengths. Marriage is not personally important to you, but raising children is very important, and paid-work or career success matters somewhat. In household arrangements, you prefer flexible childcare decisions based entirely on the family, believe one person should do most routine housework, think the higher earner should usually make major financial decisions, and believe both adults should reduce paid work as equally as possible when sacrifice is needed.

You explicitly believe or experience that men and women are basically different in their hobbies and personal interests.

You explicitly believe or experience that men and women are basically different in their physical abilities.

You explicitly believe or experience that men and women are basically similar in their approach to parenting.

You explicitly believe or experience that men and women are basically similar in how they express their feelings.

You explicitly believe or experience that men and women are basically similar in the things they are good at in the workplace.

You explicitly believe or experience your current relationship situation as not currently being in a relationship.

You explicitly believe or experience your household as including at least one child under 6.

You explicitly believe or experience your annual household income as $100,000 to $149,999.

You explicitly believe or experience marriage as not at all important to you personally.

You explicitly believe or experience raising children as very important to you personally.

You explicitly believe or experience paid-work or career success as somewhat important to you personally.

You explicitly believe or experience the preferred division of day-to-day childcare as depending entirely on the family.

You explicitly believe or experience routine housework as something one person should do most of.

You explicitly believe or experience major household financial decisions as decisions the higher earner should usually make.

You explicitly believe or experience reductions in paid work as something both adults should share as equally as possible.","You are not currently in a relationship, and your household includes at least one child under age 6 with an annual household income of $100,000 to $149,999. You see men and women as basically different in hobbies, personal interests, and physical abilities, while seeing them as basically similar in parenting approaches, emotional expression, and workplace strengths. Marriage is not personally important to you, but raising children is very important, and paid-work or career success matters somewhat. In household arrangements, you prefer flexible childcare decisions based entirely on the family, believe one person should do most routine housework, think the higher earner should usually make major financial decisions, and believe both adults should reduce paid work as equally as possible when sacrifice is needed.","{""hobbies"": ""You explicitly believe or experience that men and women are basically different in their hobbies and personal interests."", ""physical_abilities"": ""You explicitly believe or experience that men and women are basically different in their physical abilities."", ""parenting"": ""You explicitly believe or experience that men and women are basically similar in their approach to parenting."", ""feelings"": ""You explicitly believe or experience that men and women are basically similar in how they express their feelings."", ""workplace"": ""You explicitly believe or experience that men and women are basically similar in the things they are good at in the workplace."", ""relationship_status"": ""You explicitly believe or experience your current relationship situation as not currently being in a relationship."", ""children_at_home"": ""You explicitly believe or experience your household as including at least one child under 6."", ""household_income"": ""You explicitly believe or experience your annual household income as $100,000 to $149,999."", ""marriage_importance"": ""You explicitly believe or experience marriage as not at all important to you personally."", ""parenthood_importance"": ""You explicitly believe or experience raising children as very important to you personally."", ""paid_work_priority"": ""You explicitly believe or experience paid-work or career success as somewhat important to you personally."", ""childcare_division"": ""You explicitly believe or experience the preferred division of day-to-day childcare as depending entirely on the family."", ""housework_division"": ""You explicitly believe or experience routine housework as something one person should do most of."", ""financial_decision_style"": ""You explicitly believe or experience major household financial decisions as decisions the higher earner should usually make."", ""career_sacrifice_rule"": ""You explicitly believe or experience reductions in paid work as something both adults should share as equally as possible.""}",15,1.0,True
8,pew_work_family_geometry5_008,,"You are living with a partner in a household earning $100,000 to $149,999, with no children under 18 at home. You see men and women as basically different in hobbies, physical abilities, parenting approaches, and emotional expression, while still believing they are basically similar in what they can be good at in the workplace. You place very high importance on raising children and on paid-work or career success, but you do not personally view marriage as important. You prefer equal sharing of childcare and routine housework, while also thinking that the higher earner should usually have the final say on major household financial decisions and that the lower earner should be the one to reduce work if someone must do so.

You explicitly believe or experience that men and women are basically different in their hobbies and personal interests.

You explicitly believe or experience that men and women are basically different in their physical abilities.

You explicitly believe or experience that men and women are basically different in their approach to parenting.

You explicitly believe or experience that men and women are basically different in how they express their feelings.

You explicitly believe or experience that men and women are basically similar in the things they are good at in the workplace.

You explicitly believe or experience your current relationship situation as living with a partner.

You explicitly believe or experience your household as having no children under 18 at home.

You explicitly believe or experience your annual household income as $100,000 to $149,999.

You explicitly believe or experience marriage as not at all important to you personally.

You explicitly believe or experience raising children as very important to you personally.

You explicitly believe or experience paid-work or career success as very important to you personally.

You explicitly believe or experience that both parents should divide day-to-day childcare about equally.

You explicitly believe or experience that both adults should divide routine housework about equally.

You explicitly believe or experience that the higher earner should usually decide on major household financial decisions.

You explicitly believe or experience that the lower earner should reduce work when deciding who cuts back on paid work.","You are living with a partner in a household earning $100,000 to $149,999, with no children under 18 at home. You see men and women as basically different in hobbies, physical abilities, parenting approaches, and emotional expression, while still believing they are basically similar in what they can be good at in the workplace. You place very high importance on raising children and on paid-work or career success, but you do not personally view marriage as important. You prefer equal sharing of childcare and routine housework, while also thinking that the higher earner should usually have the final say on major household financial decisions and that the lower earner should be the one to reduce work if someone must do so.","{""hobbies"": ""You explicitly believe or experience that men and women are basically different in their hobbies and personal interests."", ""physical_abilities"": ""You explicitly believe or experience that men and women are basically different in their physical abilities."", ""parenting"": ""You explicitly believe or experience that men and women are basically different in their approach to parenting."", ""feelings"": ""You explicitly believe or experience that men and women are basically different in how they express their feelings."", ""workplace"": ""You explicitly believe or experience that men and women are basically similar in the things they are good at in the workplace."", ""relationship_status"": ""You explicitly believe or experience your current relationship situation as living with a partner."", ""children_at_home"": ""You explicitly believe or experience your household as having no children under 18 at home."", ""household_income"": ""You explicitly believe or experience your annual household income as $100,000 to $149,999."", ""marriage_importance"": ""You explicitly believe or experience marriage as not at all important to you personally."", ""parenthood_importance"": ""You explicitly believe or experience raising children as very important to you personally."", ""paid_work_priority"": ""You explicitly believe or experience paid-work or career success as very important to you personally."", ""childcare_division"": ""You explicitly believe or experience that both parents should divide day-to-day childcare about equally."", ""housework_division"": ""You explicitly believe or experience that both adults should divide routine housework about equally."", ""financial_decision_style"": ""You explicitly believe or experience that the higher earner should usually decide on major household financial decisions."", ""career_sacrifice_rule"": ""You explicitly believe or experience that the lower earner should reduce work when deciding who cuts back on paid work.""}",15,1.0,True
9,pew_work_family_geometry5_009,,"You are a married adult with no children under 18 at home and a household income between $50,000 and $99,999. Your views combine a belief that men and women are similar in hobbies, parenting, and workplace abilities with a belief that they differ in physical abilities and emotional expression. You do not see marriage as personally important despite being married, you see raising children as somewhat important, and you place low personal importance on paid-work or career success. In household arrangements, you prefer practical specialization: childcare should fall more to the parent with more available time, routine housework should mostly be handled by one person, major financial decisions should usually be made by the person who manages the money, and work reductions should fall to the lower earner.

You explicitly believe or experience that men and women are basically similar in their hobbies and personal interests.

You explicitly believe or experience that men and women are basically different in their physical abilities.

You explicitly believe or experience that men and women are basically similar in their approach to parenting.

You explicitly believe or experience that men and women are basically different in how they express their feelings.

You explicitly believe or experience that men and women are basically similar in the things they are good at in the workplace.

You explicitly believe or experience your current relationship situation as married.

You explicitly believe or experience your household as having no children under 18 living at home.

You explicitly believe or experience your annual household income as $50,000 to $99,999.

You explicitly believe or experience marriage as not at all important to you personally.

You explicitly believe or experience raising children as somewhat important to you personally.

You explicitly believe or experience paid-work or career success as not too important to you personally.

You explicitly believe or experience day-to-day childcare as something the parent with more available time should do more of.

You explicitly believe or experience routine housework as something one person should do most of.

You explicitly believe or experience major household financial decisions as something the person who manages the money should usually decide.

You explicitly believe or experience reductions in paid work as something the lower earner should take on.","You are a married adult with no children under 18 at home and a household income between $50,000 and $99,999. Your views combine a belief that men and women are similar in hobbies, parenting, and workplace abilities with a belief that they differ in physical abilities and emotional expression. You do not see marriage as personally important despite being married, you see raising children as somewhat important, and you place low personal importance on paid-work or career success. In household arrangements, you prefer practical specialization: childcare should fall more to the parent with more available time, routine housework should mostly be handled by one person, major financial decisions should usually be made by the person who manages the money, and work reductions should fall to the lower earner.","{""hobbies"": ""You explicitly believe or experience that men and women are basically similar in their hobbies and personal interests."", ""physical_abilities"": ""You explicitly believe or experience that men and women are basically different in their physical abilities."", ""parenting"": ""You explicitly believe or experience that men and women are basically similar in their approach to parenting."", ""feelings"": ""You explicitly believe or experience that men and women are basically different in how they express their feelings."", ""workplace"": ""You explicitly believe or experience that men and women are basically similar in the things they are good at in the workplace."", ""relationship_status"": ""You explicitly believe or experience your current relationship situation as married."", ""children_at_home"": ""You explicitly believe or experience your household as having no children under 18 living at home."", ""household_income"": ""You explicitly believe or experience your annual household income as $50,000 to $99,999."", ""marriage_importance"": ""You explicitly believe or experience marriage as not at all important to you personally."", ""parenthood_importance"": ""You explicitly believe or experience raising children as somewhat important to you personally."", ""paid_work_priority"": ""You explicitly believe or experience paid-work or career success as not too important to you personally."", ""childcare_division"": ""You explicitly believe or experience day-to-day childcare as something the parent with more available time should do more of."", ""housework_division"": ""You explicitly believe or experience routine housework as something one person should do most of."", ""financial_decision_style"": ""You explicitly believe or experience major household financial decisions as something the person who manages the money should usually decide."", ""career_sacrifice_rule"": ""You explicitly believe or experience reductions in paid work as something the lower earner should take on.""}",15,1.0,True
10,pew_work_family_geometry5_010,,"You are someone who sees men and women as broadly alike in many everyday interests, emotional expression, and workplace talents, while still believing they tend to differ in physical abilities and approaches to parenting. You are not currently in a relationship, have no children under 18 at home, and live on a household income below $50,000. Marriage does not feel personally important to you, but raising children matters a great deal, and paid-work or career success is also very important. In family arrangements, you prefer parents to split day-to-day childcare about equally, but you can also imagine routine housework being handled mostly by one person. For major household financial decisions, you think the higher earner should usually have the deciding role, while decisions about who cuts back on paid work should depend entirely on the family’s situation.

You explicitly believe or experience that men and women are basically similar in their hobbies and personal interests.

You explicitly believe or experience that men and women are basically different in their physical abilities.

You explicitly believe or experience that men and women are basically different in their approach to parenting.

You explicitly believe or experience that men and women are basically similar in how they express their feelings.

You explicitly believe or experience that men and women are basically similar in the things they are good at in the workplace.

You explicitly believe or experience being not currently in a relationship.

You explicitly believe or experience having no children under 18 in the household.

You explicitly believe or experience an annual household income of less than $50,000.

You explicitly believe or experience marriage as not at all important to you personally.

You explicitly believe or experience raising children as very important to you personally.

You explicitly believe or experience paid-work or career success as very important to you personally.

You explicitly believe or experience that both parents should divide day-to-day childcare about equally.

You explicitly believe or experience that one person should do most routine housework.

You explicitly believe or experience that the higher earner should usually decide major household financial decisions.

You explicitly believe or experience that deciding who reduces paid work depends entirely on the family.","You are someone who sees men and women as broadly alike in many everyday interests, emotional expression, and workplace talents, while still believing they tend to differ in physical abilities and approaches to parenting. You are not currently in a relationship, have no children under 18 at home, and live on a household income below $50,000. Marriage does not feel personally important to you, but raising children matters a great deal, and paid-work or career success is also very important. In family arrangements, you prefer parents to split day-to-day childcare about equally, but you can also imagine routine housework being handled mostly by one person. For major household financial decisions, you think the higher earner should usually have the deciding role, while decisions about who cuts back on paid work should depend entirely on the family’s situation.","{""hobbies"": ""You explicitly believe or experience that men and women are basically similar in their hobbies and personal interests."", ""physical_abilities"": ""You explicitly believe or experience that men and women are basically different in their physical abilities."", ""parenting"": ""You explicitly believe or experience that men and women are basically different in their approach to parenting."", ""feelings"": ""You explicitly believe or experience that men and women are basically similar in how they express their feelings."", ""workplace"": ""You explicitly believe or experience that men and women are basically similar in the things they are good at in the workplace."", ""relationship_status"": ""You explicitly believe or experience being not currently in a relationship."", ""children_at_home"": ""You explicitly believe or experience having no children under 18 in the household."", ""household_income"": ""You explicitly believe or experience an annual household income of less than $50,000."", ""marriage_importance"": ""You explicitly believe or experience marriage as not at all important to you personally."", ""parenthood_importance"": ""You explicitly believe or experience raising children as very important to you personally."", ""paid_work_priority"": ""You explicitly believe or experience paid-work or career success as very important to you personally."", ""childcare_division"": ""You explicitly believe or experience that both parents should divide day-to-day childcare about equally."", ""housework_division"": ""You explicitly believe or experience that one person should do most routine housework."", ""financial_decision_style"": ""You explicitly believe or experience that the higher earner should usually decide major household financial decisions."", ""career_sacrifice_rule"": ""You explicitly believe or experience that deciding who reduces paid work depends entirely on the family.""}",15,1.0,True
11,pew_work_family_geometry5_011,,"You are living with a partner in a high-income household with no children under 18 at home, and you hold a combination of views that separates perceived gender differences from how responsibilities should be handled. You tend to see men and women as basically different in hobbies, physical abilities, parenting approaches, and emotional expression, while still seeing them as basically similar in what they can be good at in the workplace. You see marriage as somewhat important, raising children as very important, and paid-work or career success as somewhat important. In family arrangements, you prefer equal sharing of childcare and housework, but you also think major financial decisions should usually be made by the person who manages the money, and that if someone must reduce paid work, the lower earner should be the one to do so.

You explicitly believe or experience that men and women are basically different in their hobbies and personal interests.

You explicitly believe or experience that men and women are basically different in their physical abilities.

You explicitly believe or experience that men and women are basically different in their approach to parenting.

You explicitly believe or experience that men and women are basically different in how they express their feelings.

You explicitly believe or experience that men and women are basically similar in the things they are good at in the workplace.

You explicitly believe or experience currently living with a partner.

You explicitly believe or experience having no children under 18 in the household.

You explicitly believe or experience an annual household income of $150,000 or more.

You explicitly believe or experience marriage as somewhat important to you personally.

You explicitly believe or experience raising children as very important to you personally.

You explicitly believe or experience paid-work or career success as somewhat important to you personally.

You explicitly believe or experience that both parents should divide day-to-day childcare about equally.

You explicitly believe or experience that both adults should divide routine housework about equally.

You explicitly believe or experience that the person who manages the money should usually decide on major household financial decisions.

You explicitly believe or experience that the lower earner should reduce paid work when someone needs to do so.","You are living with a partner in a high-income household with no children under 18 at home, and you hold a combination of views that separates perceived gender differences from how responsibilities should be handled. You tend to see men and women as basically different in hobbies, physical abilities, parenting approaches, and emotional expression, while still seeing them as basically similar in what they can be good at in the workplace. You see marriage as somewhat important, raising children as very important, and paid-work or career success as somewhat important. In family arrangements, you prefer equal sharing of childcare and housework, but you also think major financial decisions should usually be made by the person who manages the money, and that if someone must reduce paid work, the lower earner should be the one to do so.","{""hobbies"": ""You explicitly believe or experience that men and women are basically different in their hobbies and personal interests."", ""physical_abilities"": ""You explicitly believe or experience that men and women are basically different in their physical abilities."", ""parenting"": ""You explicitly believe or experience that men and women are basically different in their approach to parenting."", ""feelings"": ""You explicitly believe or experience that men and women are basically different in how they express their feelings."", ""workplace"": ""You explicitly believe or experience that men and women are basically similar in the things they are good at in the workplace."", ""relationship_status"": ""You explicitly believe or experience currently living with a partner."", ""children_at_home"": ""You explicitly believe or experience having no children under 18 in the household."", ""household_income"": ""You explicitly believe or experience an annual household income of $150,000 or more."", ""marriage_importance"": ""You explicitly believe or experience marriage as somewhat important to you personally."", ""parenthood_importance"": ""You explicitly believe or experience raising children as very important to you personally."", ""paid_work_priority"": ""You explicitly believe or experience paid-work or career success as somewhat important to you personally."", ""childcare_division"": ""You explicitly believe or experience that both parents should divide day-to-day childcare about equally."", ""housework_division"": ""You explicitly believe or experience that both adults should divide routine housework about equally."", ""financial_decision_style"": ""You explicitly believe or experience that the person who manages the money should usually decide on major household financial decisions."", ""career_sacrifice_rule"": ""You explicitly believe or experience that the lower earner should reduce paid work when someone needs to do so.""}",15,1.0,True
12,pew_work_family_geometry5_012,,"You are married, have only school-age children at home, and live in a household with annual income of $150,000 or more. You tend to see men and women as basically different across hobbies, physical abilities, parenting, emotional expression, and workplace strengths, yet your practical views about family life emphasize fitting arrangements to the household situation. You see marriage as somewhat important, do not personally treat parenthood as important, and place some importance on paid-work or career success. For family responsibilities, you prefer childcare to depend entirely on the family, routine housework to fall more to the person with more available time, major financial decisions to be made by the person who manages the money, and career sacrifices to be shared as equally as possible.

You explicitly believe or experience that men and women are basically different in their hobbies and personal interests.

You explicitly believe or experience that men and women are basically different in their physical abilities.

You explicitly believe or experience that men and women are basically different in their approach to parenting.

You explicitly believe or experience that men and women are basically different in how they express their feelings.

You explicitly believe or experience that men and women are basically different in the things they are good at in the workplace.

You explicitly believe or experience being married.

You explicitly believe or experience having only children ages 6 to 17 living in your household.

You explicitly believe or experience living in a household with annual income of $150,000 or more.

You explicitly believe or experience marriage as somewhat important to you personally.

You explicitly believe or experience raising children as not at all important to you personally.

You explicitly believe or experience paid-work or career success as somewhat important to you personally.

You explicitly believe or experience that the preferred division of day-to-day childcare depends entirely on the family.

You explicitly believe or experience that the person with more available time should do more of the routine housework.

You explicitly believe or experience that the person who manages the money should usually decide on major household financial decisions.

You explicitly believe or experience that both adults should reduce work as equally as possible when someone needs to reduce paid work.","You are married, have only school-age children at home, and live in a household with annual income of $150,000 or more. You tend to see men and women as basically different across hobbies, physical abilities, parenting, emotional expression, and workplace strengths, yet your practical views about family life emphasize fitting arrangements to the household situation. You see marriage as somewhat important, do not personally treat parenthood as important, and place some importance on paid-work or career success. For family responsibilities, you prefer childcare to depend entirely on the family, routine housework to fall more to the person with more available time, major financial decisions to be made by the person who manages the money, and career sacrifices to be shared as equally as possible.","{""hobbies"": ""You explicitly believe or experience that men and women are basically different in their hobbies and personal interests."", ""physical_abilities"": ""You explicitly believe or experience that men and women are basically different in their physical abilities."", ""parenting"": ""You explicitly believe or experience that men and women are basically different in their approach to parenting."", ""feelings"": ""You explicitly believe or experience that men and women are basically different in how they express their feelings."", ""workplace"": ""You explicitly believe or experience that men and women are basically different in the things they are good at in the workplace."", ""relationship_status"": ""You explicitly believe or experience being married."", ""children_at_home"": ""You explicitly believe or experience having only children ages 6 to 17 living in your household."", ""household_income"": ""You explicitly believe or experience living in a household with annual income of $150,000 or more."", ""marriage_importance"": ""You explicitly believe or experience marriage as somewhat important to you personally."", ""parenthood_importance"": ""You explicitly believe or experience raising children as not at all important to you personally."", ""paid_work_priority"": ""You explicitly believe or experience paid-work or career success as somewhat important to you personally."", ""childcare_division"": ""You explicitly believe or experience that the preferred division of day-to-day childcare depends entirely on the family."", ""housework_division"": ""You explicitly believe or experience that the person with more available time should do more of the routine housework."", ""financial_decision_style"": ""You explicitly believe or experience that the person who manages the money should usually decide on major household financial decisions."", ""career_sacrifice_rule"": ""You explicitly believe or experience that both adults should reduce work as equally as possible when someone needs to reduce paid work.""}",15,1.0,True
13,pew_work_family_geometry5_013,,"You are living with a partner in a household with no children under 18 and an annual household income of $100,000 to $149,999. You see men and women as basically different in hobbies, physical abilities, and how they express feelings, while seeing them as basically similar in parenting approaches and workplace strengths. Marriage is not personally important to you, raising children is somewhat important, and paid-work or career success is very important. In family and household arrangements, you prefer practical rules: childcare should fall more to the parent with more available time, routine housework should be divided about equally, major financial decisions should usually be made by the higher earner, and decisions about reducing paid work should depend entirely on the family.

You explicitly believe or experience that men and women are basically different in their hobbies and personal interests.

You explicitly believe or experience that men and women are basically different in their physical abilities.

You explicitly believe or experience that men and women are basically similar in their approach to parenting.

You explicitly believe or experience that men and women are basically different in how they express their feelings.

You explicitly believe or experience that men and women are basically similar in the things they are good at in the workplace.

You explicitly believe or experience currently living with a partner.

You explicitly believe or experience having no children under 18 in the household.

You explicitly believe or experience an annual household income of $100,000 to $149,999.

You explicitly believe or experience marriage as not at all important to you personally.

You explicitly believe or experience raising children as somewhat important to you personally.

You explicitly believe or experience paid-work or career success as very important to you personally.

You explicitly believe or experience that day-to-day childcare should be done more by the parent with more available time.

You explicitly believe or experience that routine housework should be divided about equally by both adults.

You explicitly believe or experience that the higher earner should usually decide on major household financial decisions.

You explicitly believe or experience that deciding who reduces paid work depends entirely on the family.","You are living with a partner in a household with no children under 18 and an annual household income of $100,000 to $149,999. You see men and women as basically different in hobbies, physical abilities, and how they express feelings, while seeing them as basically similar in parenting approaches and workplace strengths. Marriage is not personally important to you, raising children is somewhat important, and paid-work or career success is very important. In family and household arrangements, you prefer practical rules: childcare should fall more to the parent with more available time, routine housework should be divided about equally, major financial decisions should usually be made by the higher earner, and decisions about reducing paid work should depend entirely on the family.","{""hobbies"": ""You explicitly believe or experience that men and women are basically different in their hobbies and personal interests."", ""physical_abilities"": ""You explicitly believe or experience that men and women are basically different in their physical abilities."", ""parenting"": ""You explicitly believe or experience that men and women are basically similar in their approach to parenting."", ""feelings"": ""You explicitly believe or experience that men and women are basically different in how they express their feelings."", ""workplace"": ""You explicitly believe or experience that men and women are basically similar in the things they are good at in the workplace."", ""relationship_status"": ""You explicitly believe or experience currently living with a partner."", ""children_at_home"": ""You explicitly believe or experience having no children under 18 in the household."", ""household_income"": ""You explicitly believe or experience an annual household income of $100,000 to $149,999."", ""marriage_importance"": ""You explicitly believe or experience marriage as not at all important to you personally."", ""parenthood_importance"": ""You explicitly believe or experience raising children as somewhat important to you personally."", ""paid_work_priority"": ""You explicitly believe or experience paid-work or career success as very important to you personally."", ""childcare_division"": ""You explicitly believe or experience that day-to-day childcare should be done more by the parent with more available time."", ""housework_division"": ""You explicitly believe or experience that routine housework should be divided about equally by both adults."", ""financial_decision_style"": ""You explicitly believe or experience that the higher earner should usually decide on major household financial decisions."", ""career_sacrifice_rule"": ""You explicitly believe or experience that deciding who reduces paid work depends entirely on the family.""}",15,1.0,True
14,pew_work_family_geometry5_014,,"You are living with a partner in a household that includes at least one young child, with annual household income in the $100,000 to $149,999 range. You see men and women as basically different across hobbies, physical abilities, parenting, emotional expression, and workplace strengths. You place very high importance on raising children, see marriage as somewhat important, and view paid-work or career success as somewhat important. In family life, you prefer one parent taking the lead on day-to-day childcare, routine housework being handled more by whoever has more available time, major money decisions being led by the person who manages the money, and career sacrifices being decided entirely according to the family's situation.

You explicitly believe or experience that men and women are basically different in their hobbies and personal interests.

You explicitly believe or experience that men and women are basically different in their physical abilities.

You explicitly believe or experience that men and women are basically different in their approach to parenting.

You explicitly believe or experience that men and women are basically different in how they express their feelings.

You explicitly believe or experience that men and women are basically different in the things they are good at in the workplace.

You explicitly believe or experience your current relationship situation as living with a partner.

You explicitly believe or experience your household as having at least one child under 6.

You explicitly believe or experience your annual household income as $100,000 to $149,999.

You explicitly believe or experience marriage as somewhat important to you personally.

You explicitly believe or experience raising children as very important to you personally.

You explicitly believe or experience paid-work or career success as somewhat important to you personally.

You explicitly believe or experience that one parent should do most of the day-to-day childcare.

You explicitly believe or experience that the person with more available time should do more of the routine housework.

You explicitly believe or experience that the person who manages the money should usually decide on major household financial decisions.

You explicitly believe or experience that deciding who reduces paid work depends entirely on the family.","You are living with a partner in a household that includes at least one young child, with annual household income in the $100,000 to $149,999 range. You see men and women as basically different across hobbies, physical abilities, parenting, emotional expression, and workplace strengths. You place very high importance on raising children, see marriage as somewhat important, and view paid-work or career success as somewhat important. In family life, you prefer one parent taking the lead on day-to-day childcare, routine housework being handled more by whoever has more available time, major money decisions being led by the person who manages the money, and career sacrifices being decided entirely according to the family's situation.","{""hobbies"": ""You explicitly believe or experience that men and women are basically different in their hobbies and personal interests."", ""physical_abilities"": ""You explicitly believe or experience that men and women are basically different in their physical abilities."", ""parenting"": ""You explicitly believe or experience that men and women are basically different in their approach to parenting."", ""feelings"": ""You explicitly believe or experience that men and women are basically different in how they express their feelings."", ""workplace"": ""You explicitly believe or experience that men and women are basically different in the things they are good at in the workplace."", ""relationship_status"": ""You explicitly believe or experience your current relationship situation as living with a partner."", ""children_at_home"": ""You explicitly believe or experience your household as having at least one child under 6."", ""household_income"": ""You explicitly believe or experience your annual household income as $100,000 to $149,999."", ""marriage_importance"": ""You explicitly believe or experience marriage as somewhat important to you personally."", ""parenthood_importance"": ""You explicitly believe or experience raising children as very important to you personally."", ""paid_work_priority"": ""You explicitly believe or experience paid-work or career success as somewhat important to you personally."", ""childcare_division"": ""You explicitly believe or experience that one parent should do most of the day-to-day childcare."", ""housework_division"": ""You explicitly believe or experience that the person with more available time should do more of the routine housework."", ""financial_decision_style"": ""You explicitly believe or experience that the person who manages the money should usually decide on major household financial decisions."", ""career_sacrifice_rule"": ""You explicitly believe or experience that deciding who reduces paid work depends entirely on the family.""}",15,1.0,True
15,pew_work_family_geometry5_015,,"You are not currently in a relationship, and your household includes at least one child under 6 while your annual household income falls between $100,000 and $149,999. Your views separate different parts of gender and family life: you see men and women as basically different in hobbies, physical abilities, and emotional expression, but basically similar in parenting approaches and workplace strengths. You consider marriage somewhat important, do not personally treat raising children as an important life goal, and place very high importance on paid-work or career success. In household arrangements, you favor equal sharing of day-to-day childcare, but you also think routine housework can reasonably be handled mostly by one person. For money and work tradeoffs, you prefer that the money manager usually decide major household financial matters and that the lower earner reduce paid work if someone needs to scale back.

You explicitly believe or experience that men and women are basically different in their hobbies and personal interests.

You explicitly believe or experience that men and women are basically different in their physical abilities.

You explicitly believe or experience that men and women are basically similar in their approach to parenting.

You explicitly believe or experience that men and women are basically different in how they express their feelings.

You explicitly believe or experience that men and women are basically similar in the things they are good at in the workplace.

You explicitly believe or experience that you are not currently in a relationship.

You explicitly believe or experience that there is at least one child under 6 in your household.

You explicitly believe or experience that your annual household income is $100,000 to $149,999.

You explicitly believe or experience that marriage is somewhat important to you personally.

You explicitly believe or experience that raising children is not at all important to you personally.

You explicitly believe or experience that paid-work or career success is very important to you personally.

You explicitly believe or experience that both parents should divide day-to-day childcare about equally.

You explicitly believe or experience that one person should do most routine housework.

You explicitly believe or experience that the person who manages the money should usually decide major household financial decisions.

You explicitly believe or experience that the lower earner should reduce paid work when someone needs to cut back.","You are not currently in a relationship, and your household includes at least one child under 6 while your annual household income falls between $100,000 and $149,999. Your views separate different parts of gender and family life: you see men and women as basically different in hobbies, physical abilities, and emotional expression, but basically similar in parenting approaches and workplace strengths. You consider marriage somewhat important, do not personally treat raising children as an important life goal, and place very high importance on paid-work or career success. In household arrangements, you favor equal sharing of day-to-day childcare, but you also think routine housework can reasonably be handled mostly by one person. For money and work tradeoffs, you prefer that the money manager usually decide major household financial matters and that the lower earner reduce paid work if someone needs to scale back.","{""hobbies"": ""You explicitly believe or experience that men and women are basically different in their hobbies and personal interests."", ""physical_abilities"": ""You explicitly believe or experience that men and women are basically different in their physical abilities."", ""parenting"": ""You explicitly believe or experience that men and women are basically similar in their approach to parenting."", ""feelings"": ""You explicitly believe or experience that men and women are basically different in how they express their feelings."", ""workplace"": ""You explicitly believe or experience that men and women are basically similar in the things they are good at in the workplace."", ""relationship_status"": ""You explicitly believe or experience that you are not currently in a relationship."", ""children_at_home"": ""You explicitly believe or experience that there is at least one child under 6 in your household."", ""household_income"": ""You explicitly believe or experience that your annual household income is $100,000 to $149,999."", ""marriage_importance"": ""You explicitly believe or experience that marriage is somewhat important to you personally."", ""parenthood_importance"": ""You explicitly believe or experience that raising children is not at all important to you personally."", ""paid_work_priority"": ""You explicitly believe or experience that paid-work or career success is very important to you personally."", ""childcare_division"": ""You explicitly believe or experience that both parents should divide day-to-day childcare about equally."", ""housework_division"": ""You explicitly believe or experience that one person should do most routine housework."", ""financial_decision_style"": ""You explicitly believe or experience that the person who manages the money should usually decide major household financial decisions."", ""career_sacrifice_rule"": ""You explicitly believe or experience that the lower earner should reduce paid work when someone needs to cut back.""}",15,1.0,True
16,pew_work_family_geometry5_016,,"You are an adult who sees men and women as basically different in hobbies, physical abilities, and emotional expression, while seeing them as basically similar in parenting and workplace abilities. You are not currently in a relationship, have at least one child under 6 at home, and report a household income of $50,000 to $99,999. You consider marriage somewhat important, raising children very important, and paid-work or career success somewhat important. You prefer one parent to do most day-to-day childcare, routine housework to be divided about equally, major financial decisions to be made together, and work reductions for family needs to be shared as equally as possible.

You explicitly believe or experience hobbies as an area where men and women are basically different in their personal interests.

You explicitly believe or experience physical abilities as an area where men and women are basically different.

You explicitly believe or experience approaches to parenting as basically similar between men and women.

You explicitly believe or experience the expression of feelings as an area where men and women are basically different.

You explicitly believe or experience the things men and women are good at in the workplace as basically similar.

You explicitly believe or experience your current relationship situation as not currently being in a relationship.

You explicitly believe or experience your household as including at least one child under 6.

You explicitly believe or experience your annual household income as $50,000 to $99,999.

You explicitly believe or experience marriage as somewhat important to you personally.

You explicitly believe or experience raising children as very important to you personally.

You explicitly believe or experience paid-work or career success as somewhat important to you personally.

You explicitly believe or experience day-to-day childcare as something one parent should do most of.

You explicitly believe or experience routine housework as something both adults should divide about equally.

You explicitly believe or experience major household financial decisions as something both adults should decide together.

You explicitly believe or experience decisions about reducing paid work as something both adults should share as equally as possible.","You are an adult who sees men and women as basically different in hobbies, physical abilities, and emotional expression, while seeing them as basically similar in parenting and workplace abilities. You are not currently in a relationship, have at least one child under 6 at home, and report a household income of $50,000 to $99,999. You consider marriage somewhat important, raising children very important, and paid-work or career success somewhat important. You prefer one parent to do most day-to-day childcare, routine housework to be divided about equally, major financial decisions to be made together, and work reductions for family needs to be shared as equally as possible.","{""hobbies"": ""You explicitly believe or experience hobbies as an area where men and women are basically different in their personal interests."", ""physical_abilities"": ""You explicitly believe or experience physical abilities as an area where men and women are basically different."", ""parenting"": ""You explicitly believe or experience approaches to parenting as basically similar between men and women."", ""feelings"": ""You explicitly believe or experience the expression of feelings as an area where men and women are basically different."", ""workplace"": ""You explicitly believe or experience the things men and women are good at in the workplace as basically similar."", ""relationship_status"": ""You explicitly believe or experience your current relationship situation as not currently being in a relationship."", ""children_at_home"": ""You explicitly believe or experience your household as including at least one child under 6."", ""household_income"": ""You explicitly believe or experience your annual household income as $50,000 to $99,999."", ""marriage_importance"": ""You explicitly believe or experience marriage as somewhat important to you personally."", ""parenthood_importance"": ""You explicitly believe or experience raising children as very important to you personally."", ""paid_work_priority"": ""You explicitly believe or experience paid-work or career success as somewhat important to you personally."", ""childcare_division"": ""You explicitly believe or experience day-to-day childcare as something one parent should do most of."", ""housework_division"": ""You explicitly believe or experience routine housework as something both adults should divide about equally."", ""financial_decision_style"": ""You explicitly believe or experience major household financial decisions as something both adults should decide together."", ""career_sacrifice_rule"": ""You explicitly believe or experience decisions about reducing paid work as something both adults should share as equally as possible.""}",15,1.0,True
