support_id,job_id,design_type,reason,coverage_item,coverage_option,intensity,coherence,pattern,profile
1,teen_social_life_target_blueprints_001,pattern_anchor,declared response-pattern anchor,,,,explicit,"{""academic_confidence"": ""Very confident"", ""career_clarity"": ""A very clear plan"", ""connection_effect"": ""Makes me feel less connected"", ""future_optimism"": ""Not at all optimistic"", ""homework_distraction"": ""Sometimes"", ""late_night_use"": ""Sometimes"", ""organized_activity"": ""Three or more days a week"", ""parental_rules"": ""Some clear rules"", ""peer_belonging"": ""Never"", ""posting_frequency"": ""A few times a week"", ""primary_platform"": ""Instagram"", ""school_effort"": ""Sometimes"", ""sleep_interference"": ""Often"", ""social_comparison"": ""Never"", ""social_media_hours"": ""Less than one hour""}",
2,teen_social_life_target_blueprints_002,pattern_anchor,declared response-pattern anchor,,,,explicit,"{""academic_confidence"": ""Very confident"", ""career_clarity"": ""No clear idea"", ""connection_effect"": ""Makes little difference"", ""future_optimism"": ""Not at all optimistic"", ""homework_distraction"": ""Rarely"", ""late_night_use"": ""Sometimes"", ""organized_activity"": ""Never"", ""parental_rules"": ""Some clear rules"", ""peer_belonging"": ""Often"", ""posting_frequency"": ""A few times a week"", ""primary_platform"": ""Another platform"", ""school_effort"": ""Often"", ""sleep_interference"": ""Sometimes"", ""social_comparison"": ""Often"", ""social_media_hours"": ""One to three hours""}",
3,teen_social_life_target_blueprints_003,pattern_anchor,declared response-pattern anchor,,,,explicit,"{""academic_confidence"": ""Very confident"", ""career_clarity"": ""A very clear plan"", ""connection_effect"": ""Makes little difference"", ""future_optimism"": ""Somewhat optimistic"", ""homework_distraction"": ""Sometimes"", ""late_night_use"": ""Rarely"", ""organized_activity"": ""Less than once a week"", ""parental_rules"": ""Very strict rules"", ""peer_belonging"": ""Sometimes"", ""posting_frequency"": ""Never or almost never"", ""primary_platform"": ""Snapchat"", ""school_effort"": ""Often"", ""sleep_interference"": ""Sometimes"", ""social_comparison"": ""Sometimes"", ""social_media_hours"": ""Less than one hour""}",
4,teen_social_life_target_blueprints_004,pattern_anchor,declared response-pattern anchor,,,,explicit,"{""academic_confidence"": ""Somewhat confident"", ""career_clarity"": ""A few vague ideas"", ""connection_effect"": ""Makes me feel more connected"", ""future_optimism"": ""Very optimistic"", ""homework_distraction"": ""Often"", ""late_night_use"": ""Never"", ""organized_activity"": ""Never"", ""parental_rules"": ""No rules"", ""peer_belonging"": ""Often"", ""posting_frequency"": ""A few times a week"", ""primary_platform"": ""YouTube"", ""school_effort"": ""Often"", ""sleep_interference"": ""Sometimes"", ""social_comparison"": ""Sometimes"", ""social_media_hours"": ""Four or more hours""}",
5,teen_social_life_target_blueprints_005,pattern_anchor,declared response-pattern anchor,,,,explicit,"{""academic_confidence"": ""Very confident"", ""career_clarity"": ""A few vague ideas"", ""connection_effect"": ""Makes little difference"", ""future_optimism"": ""Somewhat optimistic"", ""homework_distraction"": ""Often"", ""late_night_use"": ""Often"", ""organized_activity"": ""One or two days a week"", ""parental_rules"": ""No rules"", ""peer_belonging"": ""Sometimes"", ""posting_frequency"": ""At least once a day"", ""primary_platform"": ""TikTok"", ""school_effort"": ""Often"", ""sleep_interference"": ""Often"", ""social_comparison"": ""Rarely"", ""social_media_hours"": ""One to three hours""}",
6,teen_social_life_target_blueprints_006,pattern_anchor,declared response-pattern anchor,,,,explicit,"{""academic_confidence"": ""Somewhat confident"", ""career_clarity"": ""A few vague ideas"", ""connection_effect"": ""Makes little difference"", ""future_optimism"": ""A little optimistic"", ""homework_distraction"": ""Rarely"", ""late_night_use"": ""Rarely"", ""organized_activity"": ""Three or more days a week"", ""parental_rules"": ""A few loose rules"", ""peer_belonging"": ""Sometimes"", ""posting_frequency"": ""Less than once a week"", ""primary_platform"": ""Another platform"", ""school_effort"": ""Often"", ""sleep_interference"": ""Sometimes"", ""social_comparison"": ""Often"", ""social_media_hours"": ""Four or more hours""}",
7,teen_social_life_target_blueprints_007,pattern_anchor,declared response-pattern anchor,,,,explicit,"{""academic_confidence"": ""Somewhat confident"", ""career_clarity"": ""A few vague ideas"", ""connection_effect"": ""Makes me feel more connected"", ""future_optimism"": ""Somewhat optimistic"", ""homework_distraction"": ""Rarely"", ""late_night_use"": ""Never"", ""organized_activity"": ""Never"", ""parental_rules"": ""Some clear rules"", ""peer_belonging"": ""Sometimes"", ""posting_frequency"": ""A few times a week"", ""primary_platform"": ""YouTube"", ""school_effort"": ""Often"", ""sleep_interference"": ""Sometimes"", ""social_comparison"": ""Sometimes"", ""social_media_hours"": ""Less than one hour""}",
8,teen_social_life_target_blueprints_008,pattern_anchor,declared response-pattern anchor,,,,explicit,"{""academic_confidence"": ""Very confident"", ""career_clarity"": ""A few vague ideas"", ""connection_effect"": ""Makes me feel more connected"", ""future_optimism"": ""Not at all optimistic"", ""homework_distraction"": ""Rarely"", ""late_night_use"": ""Often"", ""organized_activity"": ""Never"", ""parental_rules"": ""Some clear rules"", ""peer_belonging"": ""Sometimes"", ""posting_frequency"": ""Less than once a week"", ""primary_platform"": ""Snapchat"", ""school_effort"": ""Sometimes"", ""sleep_interference"": ""Rarely"", ""social_comparison"": ""Sometimes"", ""social_media_hours"": ""One to three hours""}",
9,teen_social_life_target_blueprints_009,pattern_anchor,declared response-pattern anchor,,,,explicit,"{""academic_confidence"": ""Very confident"", ""career_clarity"": ""A fairly clear idea"", ""connection_effect"": ""Makes little difference"", ""future_optimism"": ""Very optimistic"", ""homework_distraction"": ""Sometimes"", ""late_night_use"": ""Often"", ""organized_activity"": ""Never"", ""parental_rules"": ""A few loose rules"", ""peer_belonging"": ""Often"", ""posting_frequency"": ""Never or almost never"", ""primary_platform"": ""I do not use social media"", ""school_effort"": ""Often"", ""sleep_interference"": ""Often"", ""social_comparison"": ""Sometimes"", ""social_media_hours"": ""Four or more hours""}",
10,teen_social_life_target_blueprints_010,pattern_anchor,declared response-pattern anchor,,,,explicit,"{""academic_confidence"": ""Very confident"", ""career_clarity"": ""A fairly clear idea"", ""connection_effect"": ""Makes little difference"", ""future_optimism"": ""Very optimistic"", ""homework_distraction"": ""Rarely"", ""late_night_use"": ""Often"", ""organized_activity"": ""Less than once a week"", ""parental_rules"": ""Some clear rules"", ""peer_belonging"": ""Rarely"", ""posting_frequency"": ""At least once a day"", ""primary_platform"": ""I do not use social media"", ""school_effort"": ""Rarely"", ""sleep_interference"": ""Rarely"", ""social_comparison"": ""Never"", ""social_media_hours"": ""Four or more hours""}",
11,teen_social_life_target_blueprints_011,pattern_anchor,declared response-pattern anchor,,,,explicit,"{""academic_confidence"": ""Very confident"", ""career_clarity"": ""A few vague ideas"", ""connection_effect"": ""Makes little difference"", ""future_optimism"": ""Very optimistic"", ""homework_distraction"": ""Often"", ""late_night_use"": ""Rarely"", ""organized_activity"": ""One or two days a week"", ""parental_rules"": ""A few loose rules"", ""peer_belonging"": ""Often"", ""posting_frequency"": ""At least once a day"", ""primary_platform"": ""Snapchat"", ""school_effort"": ""Often"", ""sleep_interference"": ""Rarely"", ""social_comparison"": ""Sometimes"", ""social_media_hours"": ""Less than one hour""}",
12,teen_social_life_target_blueprints_012,pattern_anchor,declared response-pattern anchor,,,,explicit,"{""academic_confidence"": ""Very confident"", ""career_clarity"": ""No clear idea"", ""connection_effect"": ""Makes me feel less connected"", ""future_optimism"": ""Somewhat optimistic"", ""homework_distraction"": ""Sometimes"", ""late_night_use"": ""Rarely"", ""organized_activity"": ""Less than once a week"", ""parental_rules"": ""A few loose rules"", ""peer_belonging"": ""Often"", ""posting_frequency"": ""Less than once a week"", ""primary_platform"": ""Instagram"", ""school_effort"": ""Often"", ""sleep_interference"": ""Sometimes"", ""social_comparison"": ""Sometimes"", ""social_media_hours"": ""Less than one hour""}",
13,teen_social_life_target_blueprints_013,pattern_anchor,declared response-pattern anchor,,,,explicit,"{""academic_confidence"": ""Somewhat confident"", ""career_clarity"": ""No clear idea"", ""connection_effect"": ""Makes me feel less connected"", ""future_optimism"": ""Very optimistic"", ""homework_distraction"": ""Often"", ""late_night_use"": ""Often"", ""organized_activity"": ""Never"", ""parental_rules"": ""A few loose rules"", ""peer_belonging"": ""Never"", ""posting_frequency"": ""At least once a day"", ""primary_platform"": ""Another platform"", ""school_effort"": ""Sometimes"", ""sleep_interference"": ""Rarely"", ""social_comparison"": ""Never"", ""social_media_hours"": ""Less than one hour""}",
14,teen_social_life_target_blueprints_014,pattern_anchor,declared response-pattern anchor,,,,explicit,"{""academic_confidence"": ""Very confident"", ""career_clarity"": ""A few vague ideas"", ""connection_effect"": ""Makes me feel less connected"", ""future_optimism"": ""A little optimistic"", ""homework_distraction"": ""Rarely"", ""late_night_use"": ""Rarely"", ""organized_activity"": ""Less than once a week"", ""parental_rules"": ""Some clear rules"", ""peer_belonging"": ""Rarely"", ""posting_frequency"": ""A few times a week"", ""primary_platform"": ""Instagram"", ""school_effort"": ""Sometimes"", ""sleep_interference"": ""Often"", ""social_comparison"": ""Rarely"", ""social_media_hours"": ""Less than one hour""}",
15,teen_social_life_target_blueprints_015,pattern_anchor,declared response-pattern anchor,,,,explicit,"{""academic_confidence"": ""Very confident"", ""career_clarity"": ""No clear idea"", ""connection_effect"": ""Makes me feel more connected"", ""future_optimism"": ""A little optimistic"", ""homework_distraction"": ""Often"", ""late_night_use"": ""Never"", ""organized_activity"": ""One or two days a week"", ""parental_rules"": ""Very strict rules"", ""peer_belonging"": ""Often"", ""posting_frequency"": ""Less than once a week"", ""primary_platform"": ""Snapchat"", ""school_effort"": ""Never"", ""sleep_interference"": ""Often"", ""social_comparison"": ""Sometimes"", ""social_media_hours"": ""Less than one hour""}",
16,teen_social_life_target_blueprints_016,pattern_anchor,declared response-pattern anchor,,,,explicit,"{""academic_confidence"": ""Somewhat confident"", ""career_clarity"": ""A few vague ideas"", ""connection_effect"": ""Makes me feel more connected"", ""future_optimism"": ""Somewhat optimistic"", ""homework_distraction"": ""Rarely"", ""late_night_use"": ""Never"", ""organized_activity"": ""Less than once a week"", ""parental_rules"": ""No rules"", ""peer_belonging"": ""Often"", ""posting_frequency"": ""Never or almost never"", ""primary_platform"": ""Another platform"", ""school_effort"": ""Sometimes"", ""sleep_interference"": ""Sometimes"", ""social_comparison"": ""Sometimes"", ""social_media_hours"": ""Four or more hours""}",
17,teen_social_life_target_blueprints_017,pattern_anchor,declared response-pattern anchor,,,,explicit,"{""academic_confidence"": ""Very confident"", ""career_clarity"": ""No clear idea"", ""connection_effect"": ""Makes me feel more connected"", ""future_optimism"": ""Somewhat optimistic"", ""homework_distraction"": ""Rarely"", ""late_night_use"": ""Sometimes"", ""organized_activity"": ""Less than once a week"", ""parental_rules"": ""A few loose rules"", ""peer_belonging"": ""Rarely"", ""posting_frequency"": ""Never or almost never"", ""primary_platform"": ""YouTube"", ""school_effort"": ""Often"", ""sleep_interference"": ""Never"", ""social_comparison"": ""Rarely"", ""social_media_hours"": ""Four or more hours""}",
18,teen_social_life_target_blueprints_018,pattern_anchor,declared response-pattern anchor,,,,explicit,"{""academic_confidence"": ""Somewhat confident"", ""career_clarity"": ""A few vague ideas"", ""connection_effect"": ""Makes little difference"", ""future_optimism"": ""Somewhat optimistic"", ""homework_distraction"": ""Often"", ""late_night_use"": ""Never"", ""organized_activity"": ""Less than once a week"", ""parental_rules"": ""Very strict rules"", ""peer_belonging"": ""Often"", ""posting_frequency"": ""Less than once a week"", ""primary_platform"": ""Another platform"", ""school_effort"": ""Often"", ""sleep_interference"": ""Never"", ""social_comparison"": ""Rarely"", ""social_media_hours"": ""One to three hours""}",
19,teen_social_life_target_blueprints_019,pattern_anchor,declared response-pattern anchor,,,,explicit,"{""academic_confidence"": ""Somewhat confident"", ""career_clarity"": ""A fairly clear idea"", ""connection_effect"": ""Makes me feel more connected"", ""future_optimism"": ""Not at all optimistic"", ""homework_distraction"": ""Rarely"", ""late_night_use"": ""Often"", ""organized_activity"": ""Less than once a week"", ""parental_rules"": ""Some clear rules"", ""peer_belonging"": ""Sometimes"", ""posting_frequency"": ""At least once a day"", ""primary_platform"": ""TikTok"", ""school_effort"": ""Often"", ""sleep_interference"": ""Never"", ""social_comparison"": ""Sometimes"", ""social_media_hours"": ""One to three hours""}",
20,teen_social_life_target_blueprints_020,pattern_anchor,declared response-pattern anchor,,,,explicit,"{""academic_confidence"": ""Very confident"", ""career_clarity"": ""A few vague ideas"", ""connection_effect"": ""Makes little difference"", ""future_optimism"": ""A little optimistic"", ""homework_distraction"": ""Never"", ""late_night_use"": ""Often"", ""organized_activity"": ""Three or more days a week"", ""parental_rules"": ""Very strict rules"", ""peer_belonging"": ""Sometimes"", ""posting_frequency"": ""A few times a week"", ""primary_platform"": ""TikTok"", ""school_effort"": ""Often"", ""sleep_interference"": ""Often"", ""social_comparison"": ""Rarely"", ""social_media_hours"": ""One to three hours""}",
21,teen_social_life_target_blueprints_021,pattern_anchor,declared response-pattern anchor,,,,explicit,"{""academic_confidence"": ""A little confident"", ""career_clarity"": ""A very clear plan"", ""connection_effect"": ""Makes me feel less connected"", ""future_optimism"": ""Very optimistic"", ""homework_distraction"": ""Rarely"", ""late_night_use"": ""Sometimes"", ""organized_activity"": ""Less than once a week"", ""parental_rules"": ""A few loose rules"", ""peer_belonging"": ""Sometimes"", ""posting_frequency"": ""Never or almost never"", ""primary_platform"": ""I do not use social media"", ""school_effort"": ""Sometimes"", ""sleep_interference"": ""Sometimes"", ""social_comparison"": ""Sometimes"", ""social_media_hours"": ""One to three hours""}",
22,teen_social_life_target_blueprints_022,pattern_anchor,declared response-pattern anchor,,,,explicit,"{""academic_confidence"": ""Very confident"", ""career_clarity"": ""A few vague ideas"", ""connection_effect"": ""Makes me feel more connected"", ""future_optimism"": ""Somewhat optimistic"", ""homework_distraction"": ""Rarely"", ""late_night_use"": ""Often"", ""organized_activity"": ""One or two days a week"", ""parental_rules"": ""Very strict rules"", ""peer_belonging"": ""Often"", ""posting_frequency"": ""Less than once a week"", ""primary_platform"": ""Snapchat"", ""school_effort"": ""Sometimes"", ""sleep_interference"": ""Often"", ""social_comparison"": ""Sometimes"", ""social_media_hours"": ""Less than one hour""}",
23,teen_social_life_target_blueprints_023,pattern_anchor,declared response-pattern anchor,,,,explicit,"{""academic_confidence"": ""Very confident"", ""career_clarity"": ""A few vague ideas"", ""connection_effect"": ""Makes little difference"", ""future_optimism"": ""Not at all optimistic"", ""homework_distraction"": ""Rarely"", ""late_night_use"": ""Often"", ""organized_activity"": ""Three or more days a week"", ""parental_rules"": ""Very strict rules"", ""peer_belonging"": ""Often"", ""posting_frequency"": ""A few times a week"", ""primary_platform"": ""Instagram"", ""school_effort"": ""Often"", ""sleep_interference"": ""Sometimes"", ""social_comparison"": ""Often"", ""social_media_hours"": ""Four or more hours""}",
24,teen_social_life_target_blueprints_024,pattern_anchor,declared response-pattern anchor,,,,explicit,"{""academic_confidence"": ""Very confident"", ""career_clarity"": ""A few vague ideas"", ""connection_effect"": ""Makes me feel more connected"", ""future_optimism"": ""A little optimistic"", ""homework_distraction"": ""Often"", ""late_night_use"": ""Never"", ""organized_activity"": ""Less than once a week"", ""parental_rules"": ""No rules"", ""peer_belonging"": ""Rarely"", ""posting_frequency"": ""Never or almost never"", ""primary_platform"": ""I do not use social media"", ""school_effort"": ""Often"", ""sleep_interference"": ""Rarely"", ""social_comparison"": ""Often"", ""social_media_hours"": ""One to three hours""}",
25,teen_social_life_target_blueprints_025,pattern_anchor,declared response-pattern anchor,,,,explicit,"{""academic_confidence"": ""Somewhat confident"", ""career_clarity"": ""A fairly clear idea"", ""connection_effect"": ""Makes me feel less connected"", ""future_optimism"": ""Somewhat optimistic"", ""homework_distraction"": ""Sometimes"", ""late_night_use"": ""Often"", ""organized_activity"": ""Less than once a week"", ""parental_rules"": ""Some clear rules"", ""peer_belonging"": ""Sometimes"", ""posting_frequency"": ""A few times a week"", ""primary_platform"": ""Another platform"", ""school_effort"": ""Often"", ""sleep_interference"": ""Sometimes"", ""social_comparison"": ""Sometimes"", ""social_media_hours"": ""One to three hours""}",
26,teen_social_life_target_blueprints_026,pattern_anchor,declared response-pattern anchor,,,,explicit,"{""academic_confidence"": ""Very confident"", ""career_clarity"": ""A fairly clear idea"", ""connection_effect"": ""Makes me feel more connected"", ""future_optimism"": ""Not at all optimistic"", ""homework_distraction"": ""Never"", ""late_night_use"": ""Never"", ""organized_activity"": ""Never"", ""parental_rules"": ""Some clear rules"", ""peer_belonging"": ""Sometimes"", ""posting_frequency"": ""At least once a day"", ""primary_platform"": ""Another platform"", ""school_effort"": ""Often"", ""sleep_interference"": ""Often"", ""social_comparison"": ""Sometimes"", ""social_media_hours"": ""Less than one hour""}",
27,teen_social_life_target_blueprints_027,pattern_anchor,declared response-pattern anchor,,,,explicit,"{""academic_confidence"": ""Very confident"", ""career_clarity"": ""A few vague ideas"", ""connection_effect"": ""Makes little difference"", ""future_optimism"": ""Somewhat optimistic"", ""homework_distraction"": ""Never"", ""late_night_use"": ""Sometimes"", ""organized_activity"": ""Three or more days a week"", ""parental_rules"": ""No rules"", ""peer_belonging"": ""Sometimes"", ""posting_frequency"": ""Less than once a week"", ""primary_platform"": ""Another platform"", ""school_effort"": ""Often"", ""sleep_interference"": ""Sometimes"", ""social_comparison"": ""Never"", ""social_media_hours"": ""One to three hours""}",
28,teen_social_life_target_blueprints_028,pattern_anchor,declared response-pattern anchor,,,,explicit,"{""academic_confidence"": ""Very confident"", ""career_clarity"": ""A few vague ideas"", ""connection_effect"": ""Makes me feel less connected"", ""future_optimism"": ""Not at all optimistic"", ""homework_distraction"": ""Rarely"", ""late_night_use"": ""Never"", ""organized_activity"": ""Less than once a week"", ""parental_rules"": ""Very strict rules"", ""peer_belonging"": ""Sometimes"", ""posting_frequency"": ""At least once a day"", ""primary_platform"": ""I do not use social media"", ""school_effort"": ""Rarely"", ""sleep_interference"": ""Rarely"", ""social_comparison"": ""Sometimes"", ""social_media_hours"": ""One to three hours""}",
29,teen_social_life_target_blueprints_029,pattern_anchor,declared response-pattern anchor,,,,explicit,"{""academic_confidence"": ""Somewhat confident"", ""career_clarity"": ""A very clear plan"", ""connection_effect"": ""Makes me feel more connected"", ""future_optimism"": ""Not at all optimistic"", ""homework_distraction"": ""Never"", ""late_night_use"": ""Never"", ""organized_activity"": ""Less than once a week"", ""parental_rules"": ""Some clear rules"", ""peer_belonging"": ""Sometimes"", ""posting_frequency"": ""At least once a day"", ""primary_platform"": ""YouTube"", ""school_effort"": ""Sometimes"", ""sleep_interference"": ""Rarely"", ""social_comparison"": ""Often"", ""social_media_hours"": ""One to three hours""}",
30,teen_social_life_target_blueprints_030,pattern_anchor,declared response-pattern anchor,,,,explicit,"{""academic_confidence"": ""Very confident"", ""career_clarity"": ""A few vague ideas"", ""connection_effect"": ""Makes me feel less connected"", ""future_optimism"": ""A little optimistic"", ""homework_distraction"": ""Sometimes"", ""late_night_use"": ""Often"", ""organized_activity"": ""Less than once a week"", ""parental_rules"": ""No rules"", ""peer_belonging"": ""Sometimes"", ""posting_frequency"": ""Never or almost never"", ""primary_platform"": ""Instagram"", ""school_effort"": ""Sometimes"", ""sleep_interference"": ""Sometimes"", ""social_comparison"": ""Often"", ""social_media_hours"": ""Four or more hours""}",
31,teen_social_life_target_blueprints_031,pattern_anchor,declared response-pattern anchor,,,,explicit,"{""academic_confidence"": ""Very confident"", ""career_clarity"": ""A fairly clear idea"", ""connection_effect"": ""Makes me feel less connected"", ""future_optimism"": ""Somewhat optimistic"", ""homework_distraction"": ""Often"", ""late_night_use"": ""Often"", ""organized_activity"": ""One or two days a week"", ""parental_rules"": ""Very strict rules"", ""peer_belonging"": ""Often"", ""posting_frequency"": ""At least once a day"", ""primary_platform"": ""Instagram"", ""school_effort"": ""Often"", ""sleep_interference"": ""Rarely"", ""social_comparison"": ""Sometimes"", ""social_media_hours"": ""Less than one hour""}",
32,teen_social_life_target_blueprints_032,pattern_anchor,declared response-pattern anchor,,,,explicit,"{""academic_confidence"": ""Somewhat confident"", ""career_clarity"": ""A very clear plan"", ""connection_effect"": ""Makes me feel less connected"", ""future_optimism"": ""Very optimistic"", ""homework_distraction"": ""Often"", ""late_night_use"": ""Sometimes"", ""organized_activity"": ""Three or more days a week"", ""parental_rules"": ""A few loose rules"", ""peer_belonging"": ""Often"", ""posting_frequency"": ""At least once a day"", ""primary_platform"": ""I do not use social media"", ""school_effort"": ""Sometimes"", ""sleep_interference"": ""Sometimes"", ""social_comparison"": ""Never"", ""social_media_hours"": ""One to three hours""}",
33,teen_social_life_target_blueprints_033,pattern_anchor,declared response-pattern anchor,,,,explicit,"{""academic_confidence"": ""Somewhat confident"", ""career_clarity"": ""A fairly clear idea"", ""connection_effect"": ""Makes me feel less connected"", ""future_optimism"": ""A little optimistic"", ""homework_distraction"": ""Sometimes"", ""late_night_use"": ""Sometimes"", ""organized_activity"": ""One or two days a week"", ""parental_rules"": ""Very strict rules"", ""peer_belonging"": ""Often"", ""posting_frequency"": ""A few times a week"", ""primary_platform"": ""Snapchat"", ""school_effort"": ""Sometimes"", ""sleep_interference"": ""Sometimes"", ""social_comparison"": ""Sometimes"", ""social_media_hours"": ""One to three hours""}",
34,teen_social_life_target_blueprints_034,pattern_anchor,declared response-pattern anchor,,,,explicit,"{""academic_confidence"": ""Very confident"", ""career_clarity"": ""A few vague ideas"", ""connection_effect"": ""Makes little difference"", ""future_optimism"": ""Somewhat optimistic"", ""homework_distraction"": ""Sometimes"", ""late_night_use"": ""Rarely"", ""organized_activity"": ""Three or more days a week"", ""parental_rules"": ""Very strict rules"", ""peer_belonging"": ""Often"", ""posting_frequency"": ""Less than once a week"", ""primary_platform"": ""I do not use social media"", ""school_effort"": ""Often"", ""sleep_interference"": ""Often"", ""social_comparison"": ""Rarely"", ""social_media_hours"": ""Less than one hour""}",
35,teen_social_life_target_blueprints_035,pattern_anchor,declared response-pattern anchor,,,,explicit,"{""academic_confidence"": ""Somewhat confident"", ""career_clarity"": ""No clear idea"", ""connection_effect"": ""Makes me feel more connected"", ""future_optimism"": ""Somewhat optimistic"", ""homework_distraction"": ""Often"", ""late_night_use"": ""Rarely"", ""organized_activity"": ""One or two days a week"", ""parental_rules"": ""Some clear rules"", ""peer_belonging"": ""Never"", ""posting_frequency"": ""A few times a week"", ""primary_platform"": ""Another platform"", ""school_effort"": ""Often"", ""sleep_interference"": ""Sometimes"", ""social_comparison"": ""Sometimes"", ""social_media_hours"": ""Four or more hours""}",
36,teen_social_life_target_blueprints_036,pattern_anchor,declared response-pattern anchor,,,,explicit,"{""academic_confidence"": ""Somewhat confident"", ""career_clarity"": ""No clear idea"", ""connection_effect"": ""Makes me feel less connected"", ""future_optimism"": ""Very optimistic"", ""homework_distraction"": ""Never"", ""late_night_use"": ""Sometimes"", ""organized_activity"": ""One or two days a week"", ""parental_rules"": ""No rules"", ""peer_belonging"": ""Sometimes"", ""posting_frequency"": ""Less than once a week"", ""primary_platform"": ""Instagram"", ""school_effort"": ""Often"", ""sleep_interference"": ""Often"", ""social_comparison"": ""Often"", ""social_media_hours"": ""Four or more hours""}",
37,teen_social_life_target_blueprints_037,pattern_anchor,declared response-pattern anchor,,,,explicit,"{""academic_confidence"": ""Very confident"", ""career_clarity"": ""A few vague ideas"", ""connection_effect"": ""Makes me feel more connected"", ""future_optimism"": ""Somewhat optimistic"", ""homework_distraction"": ""Sometimes"", ""late_night_use"": ""Rarely"", ""organized_activity"": ""Less than once a week"", ""parental_rules"": ""A few loose rules"", ""peer_belonging"": ""Often"", ""posting_frequency"": ""A few times a week"", ""primary_platform"": ""Another platform"", ""school_effort"": ""Sometimes"", ""sleep_interference"": ""Rarely"", ""social_comparison"": ""Never"", ""social_media_hours"": ""Less than one hour""}",
38,teen_social_life_target_blueprints_038,pattern_anchor,declared response-pattern anchor,,,,explicit,"{""academic_confidence"": ""Not at all confident"", ""career_clarity"": ""A fairly clear idea"", ""connection_effect"": ""Makes me feel less connected"", ""future_optimism"": ""A little optimistic"", ""homework_distraction"": ""Never"", ""late_night_use"": ""Never"", ""organized_activity"": ""Three or more days a week"", ""parental_rules"": ""A few loose rules"", ""peer_belonging"": ""Rarely"", ""posting_frequency"": ""Less than once a week"", ""primary_platform"": ""Snapchat"", ""school_effort"": ""Often"", ""sleep_interference"": ""Sometimes"", ""social_comparison"": ""Sometimes"", ""social_media_hours"": ""One to three hours""}",
39,teen_social_life_target_blueprints_039,pattern_anchor,declared response-pattern anchor,,,,explicit,"{""academic_confidence"": ""Very confident"", ""career_clarity"": ""A very clear plan"", ""connection_effect"": ""Makes little difference"", ""future_optimism"": ""Very optimistic"", ""homework_distraction"": ""Never"", ""late_night_use"": ""Sometimes"", ""organized_activity"": ""Less than once a week"", ""parental_rules"": ""No rules"", ""peer_belonging"": ""Often"", ""posting_frequency"": ""A few times a week"", ""primary_platform"": ""Instagram"", ""school_effort"": ""Often"", ""sleep_interference"": ""Sometimes"", ""social_comparison"": ""Rarely"", ""social_media_hours"": ""One to three hours""}",
40,teen_social_life_target_blueprints_040,pattern_anchor,declared response-pattern anchor,,,,explicit,"{""academic_confidence"": ""Very confident"", ""career_clarity"": ""A few vague ideas"", ""connection_effect"": ""Makes me feel more connected"", ""future_optimism"": ""Very optimistic"", ""homework_distraction"": ""Sometimes"", ""late_night_use"": ""Sometimes"", ""organized_activity"": ""Never"", ""parental_rules"": ""Some clear rules"", ""peer_belonging"": ""Rarely"", ""posting_frequency"": ""Never or almost never"", ""primary_platform"": ""Snapchat"", ""school_effort"": ""Often"", ""sleep_interference"": ""Sometimes"", ""social_comparison"": ""Often"", ""social_media_hours"": ""Less than one hour""}",
41,teen_social_life_target_blueprints_041,pattern_anchor,declared response-pattern anchor,,,,explicit,"{""academic_confidence"": ""Somewhat confident"", ""career_clarity"": ""A fairly clear idea"", ""connection_effect"": ""Makes me feel less connected"", ""future_optimism"": ""Somewhat optimistic"", ""homework_distraction"": ""Often"", ""late_night_use"": ""Sometimes"", ""organized_activity"": ""One or two days a week"", ""parental_rules"": ""Some clear rules"", ""peer_belonging"": ""Often"", ""posting_frequency"": ""Less than once a week"", ""primary_platform"": ""I do not use social media"", ""school_effort"": ""Often"", ""sleep_interference"": ""Rarely"", ""social_comparison"": ""Rarely"", ""social_media_hours"": ""One to three hours""}",
42,teen_social_life_target_blueprints_042,pattern_anchor,declared response-pattern anchor,,,,explicit,"{""academic_confidence"": ""Very confident"", ""career_clarity"": ""A fairly clear idea"", ""connection_effect"": ""Makes little difference"", ""future_optimism"": ""A little optimistic"", ""homework_distraction"": ""Sometimes"", ""late_night_use"": ""Sometimes"", ""organized_activity"": ""Three or more days a week"", ""parental_rules"": ""Very strict rules"", ""peer_belonging"": ""Sometimes"", ""posting_frequency"": ""Never or almost never"", ""primary_platform"": ""Instagram"", ""school_effort"": ""Sometimes"", ""sleep_interference"": ""Sometimes"", ""social_comparison"": ""Sometimes"", ""social_media_hours"": ""One to three hours""}",
43,teen_social_life_target_blueprints_043,pattern_anchor,declared response-pattern anchor,,,,explicit,"{""academic_confidence"": ""A little confident"", ""career_clarity"": ""A fairly clear idea"", ""connection_effect"": ""Makes me feel less connected"", ""future_optimism"": ""A little optimistic"", ""homework_distraction"": ""Sometimes"", ""late_night_use"": ""Rarely"", ""organized_activity"": ""One or two days a week"", ""parental_rules"": ""A few loose rules"", ""peer_belonging"": ""Rarely"", ""posting_frequency"": ""A few times a week"", ""primary_platform"": ""Another platform"", ""school_effort"": ""Often"", ""sleep_interference"": ""Often"", ""social_comparison"": ""Sometimes"", ""social_media_hours"": ""One to three hours""}",
44,teen_social_life_target_blueprints_044,pattern_anchor,declared response-pattern anchor,,,,explicit,"{""academic_confidence"": ""A little confident"", ""career_clarity"": ""A fairly clear idea"", ""connection_effect"": ""Makes me feel less connected"", ""future_optimism"": ""Very optimistic"", ""homework_distraction"": ""Often"", ""late_night_use"": ""Sometimes"", ""organized_activity"": ""Three or more days a week"", ""parental_rules"": ""A few loose rules"", ""peer_belonging"": ""Sometimes"", ""posting_frequency"": ""At least once a day"", ""primary_platform"": ""TikTok"", ""school_effort"": ""Sometimes"", ""sleep_interference"": ""Often"", ""social_comparison"": ""Sometimes"", ""social_media_hours"": ""One to three hours""}",
45,teen_social_life_target_blueprints_045,pattern_anchor,declared response-pattern anchor,,,,explicit,"{""academic_confidence"": ""Somewhat confident"", ""career_clarity"": ""A very clear plan"", ""connection_effect"": ""Makes me feel less connected"", ""future_optimism"": ""A little optimistic"", ""homework_distraction"": ""Rarely"", ""late_night_use"": ""Sometimes"", ""organized_activity"": ""One or two days a week"", ""parental_rules"": ""A few loose rules"", ""peer_belonging"": ""Often"", ""posting_frequency"": ""Less than once a week"", ""primary_platform"": ""Snapchat"", ""school_effort"": ""Sometimes"", ""sleep_interference"": ""Rarely"", ""social_comparison"": ""Sometimes"", ""social_media_hours"": ""One to three hours""}",
46,teen_social_life_target_blueprints_046,pattern_anchor,declared response-pattern anchor,,,,explicit,"{""academic_confidence"": ""Very confident"", ""career_clarity"": ""A fairly clear idea"", ""connection_effect"": ""Makes me feel less connected"", ""future_optimism"": ""Not at all optimistic"", ""homework_distraction"": ""Sometimes"", ""late_night_use"": ""Never"", ""organized_activity"": ""Less than once a week"", ""parental_rules"": ""No rules"", ""peer_belonging"": ""Sometimes"", ""posting_frequency"": ""Less than once a week"", ""primary_platform"": ""I do not use social media"", ""school_effort"": ""Often"", ""sleep_interference"": ""Sometimes"", ""social_comparison"": ""Rarely"", ""social_media_hours"": ""Four or more hours""}",
47,teen_social_life_target_blueprints_047,pattern_anchor,declared response-pattern anchor,,,,explicit,"{""academic_confidence"": ""Somewhat confident"", ""career_clarity"": ""A few vague ideas"", ""connection_effect"": ""Makes me feel less connected"", ""future_optimism"": ""Somewhat optimistic"", ""homework_distraction"": ""Often"", ""late_night_use"": ""Rarely"", ""organized_activity"": ""One or two days a week"", ""parental_rules"": ""A few loose rules"", ""peer_belonging"": ""Sometimes"", ""posting_frequency"": ""Less than once a week"", ""primary_platform"": ""Instagram"", ""school_effort"": ""Never"", ""sleep_interference"": ""Never"", ""social_comparison"": ""Often"", ""social_media_hours"": ""Four or more hours""}",
48,teen_social_life_target_blueprints_048,pattern_anchor,declared response-pattern anchor,,,,explicit,"{""academic_confidence"": ""Somewhat confident"", ""career_clarity"": ""A very clear plan"", ""connection_effect"": ""Makes me feel less connected"", ""future_optimism"": ""A little optimistic"", ""homework_distraction"": ""Rarely"", ""late_night_use"": ""Sometimes"", ""organized_activity"": ""Three or more days a week"", ""parental_rules"": ""A few loose rules"", ""peer_belonging"": ""Sometimes"", ""posting_frequency"": ""Less than once a week"", ""primary_platform"": ""YouTube"", ""school_effort"": ""Rarely"", ""sleep_interference"": ""Often"", ""social_comparison"": ""Often"", ""social_media_hours"": ""One to three hours""}",
49,teen_social_life_target_blueprints_049,pattern_anchor,declared response-pattern anchor,,,,explicit,"{""academic_confidence"": ""Very confident"", ""career_clarity"": ""A very clear plan"", ""connection_effect"": ""Makes me feel more connected"", ""future_optimism"": ""Very optimistic"", ""homework_distraction"": ""Sometimes"", ""late_night_use"": ""Often"", ""organized_activity"": ""One or two days a week"", ""parental_rules"": ""A few loose rules"", ""peer_belonging"": ""Sometimes"", ""posting_frequency"": ""A few times a week"", ""primary_platform"": ""TikTok"", ""school_effort"": ""Sometimes"", ""sleep_interference"": ""Rarely"", ""social_comparison"": ""Often"", ""social_media_hours"": ""Four or more hours""}",
50,teen_social_life_target_blueprints_050,pattern_anchor,declared response-pattern anchor,,,,explicit,"{""academic_confidence"": ""Somewhat confident"", ""career_clarity"": ""A very clear plan"", ""connection_effect"": ""Makes me feel more connected"", ""future_optimism"": ""Very optimistic"", ""homework_distraction"": ""Never"", ""late_night_use"": ""Sometimes"", ""organized_activity"": ""Three or more days a week"", ""parental_rules"": ""No rules"", ""peer_belonging"": ""Sometimes"", ""posting_frequency"": ""At least once a day"", ""primary_platform"": ""Snapchat"", ""school_effort"": ""Sometimes"", ""sleep_interference"": ""Sometimes"", ""social_comparison"": ""Sometimes"", ""social_media_hours"": ""Less than one hour""}",
51,teen_social_life_target_blueprints_051,pattern_anchor,declared response-pattern anchor,,,,explicit,"{""academic_confidence"": ""Very confident"", ""career_clarity"": ""A fairly clear idea"", ""connection_effect"": ""Makes little difference"", ""future_optimism"": ""Not at all optimistic"", ""homework_distraction"": ""Often"", ""late_night_use"": ""Sometimes"", ""organized_activity"": ""Never"", ""parental_rules"": ""No rules"", ""peer_belonging"": ""Sometimes"", ""posting_frequency"": ""At least once a day"", ""primary_platform"": ""TikTok"", ""school_effort"": ""Often"", ""sleep_interference"": ""Often"", ""social_comparison"": ""Often"", ""social_media_hours"": ""One to three hours""}",
52,teen_social_life_target_blueprints_052,pattern_anchor,declared response-pattern anchor,,,,explicit,"{""academic_confidence"": ""A little confident"", ""career_clarity"": ""A few vague ideas"", ""connection_effect"": ""Makes little difference"", ""future_optimism"": ""Very optimistic"", ""homework_distraction"": ""Often"", ""late_night_use"": ""Sometimes"", ""organized_activity"": ""Three or more days a week"", ""parental_rules"": ""Some clear rules"", ""peer_belonging"": ""Rarely"", ""posting_frequency"": ""A few times a week"", ""primary_platform"": ""Instagram"", ""school_effort"": ""Rarely"", ""sleep_interference"": ""Never"", ""social_comparison"": ""Never"", ""social_media_hours"": ""Less than one hour""}",
53,teen_social_life_target_blueprints_053,pattern_anchor,declared response-pattern anchor,,,,explicit,"{""academic_confidence"": ""Somewhat confident"", ""career_clarity"": ""A fairly clear idea"", ""connection_effect"": ""Makes me feel more connected"", ""future_optimism"": ""Very optimistic"", ""homework_distraction"": ""Rarely"", ""late_night_use"": ""Sometimes"", ""organized_activity"": ""Never"", ""parental_rules"": ""A few loose rules"", ""peer_belonging"": ""Rarely"", ""posting_frequency"": ""Never or almost never"", ""primary_platform"": ""I do not use social media"", ""school_effort"": ""Often"", ""sleep_interference"": ""Sometimes"", ""social_comparison"": ""Never"", ""social_media_hours"": ""One to three hours""}",
54,teen_social_life_target_blueprints_054,pattern_anchor,declared response-pattern anchor,,,,explicit,"{""academic_confidence"": ""Very confident"", ""career_clarity"": ""A fairly clear idea"", ""connection_effect"": ""Makes me feel more connected"", ""future_optimism"": ""Not at all optimistic"", ""homework_distraction"": ""Rarely"", ""late_night_use"": ""Rarely"", ""organized_activity"": ""Three or more days a week"", ""parental_rules"": ""Some clear rules"", ""peer_belonging"": ""Often"", ""posting_frequency"": ""A few times a week"", ""primary_platform"": ""TikTok"", ""school_effort"": ""Sometimes"", ""sleep_interference"": ""Often"", ""social_comparison"": ""Rarely"", ""social_media_hours"": ""Four or more hours""}",
55,teen_social_life_target_blueprints_055,pattern_anchor,declared response-pattern anchor,,,,explicit,"{""academic_confidence"": ""Very confident"", ""career_clarity"": ""A very clear plan"", ""connection_effect"": ""Makes little difference"", ""future_optimism"": ""Somewhat optimistic"", ""homework_distraction"": ""Often"", ""late_night_use"": ""Often"", ""organized_activity"": ""Never"", ""parental_rules"": ""No rules"", ""peer_belonging"": ""Sometimes"", ""posting_frequency"": ""Less than once a week"", ""primary_platform"": ""YouTube"", ""school_effort"": ""Sometimes"", ""sleep_interference"": ""Often"", ""social_comparison"": ""Sometimes"", ""social_media_hours"": ""Less than one hour""}",
56,teen_social_life_target_blueprints_056,pattern_anchor,declared response-pattern anchor,,,,explicit,"{""academic_confidence"": ""Somewhat confident"", ""career_clarity"": ""A fairly clear idea"", ""connection_effect"": ""Makes me feel more connected"", ""future_optimism"": ""Somewhat optimistic"", ""homework_distraction"": ""Rarely"", ""late_night_use"": ""Rarely"", ""organized_activity"": ""Three or more days a week"", ""parental_rules"": ""Very strict rules"", ""peer_belonging"": ""Often"", ""posting_frequency"": ""Less than once a week"", ""primary_platform"": ""TikTok"", ""school_effort"": ""Often"", ""sleep_interference"": ""Sometimes"", ""social_comparison"": ""Sometimes"", ""social_media_hours"": ""Four or more hours""}",
57,teen_social_life_target_blueprints_057,pattern_anchor,declared response-pattern anchor,,,,explicit,"{""academic_confidence"": ""Not at all confident"", ""career_clarity"": ""No clear idea"", ""connection_effect"": ""Makes me feel less connected"", ""future_optimism"": ""Very optimistic"", ""homework_distraction"": ""Sometimes"", ""late_night_use"": ""Sometimes"", ""organized_activity"": ""Three or more days a week"", ""parental_rules"": ""No rules"", ""peer_belonging"": ""Rarely"", ""posting_frequency"": ""Never or almost never"", ""primary_platform"": ""TikTok"", ""school_effort"": ""Sometimes"", ""sleep_interference"": ""Often"", ""social_comparison"": ""Sometimes"", ""social_media_hours"": ""Less than one hour""}",
58,teen_social_life_target_blueprints_058,pattern_anchor,declared response-pattern anchor,,,,explicit,"{""academic_confidence"": ""Very confident"", ""career_clarity"": ""No clear idea"", ""connection_effect"": ""Makes little difference"", ""future_optimism"": ""A little optimistic"", ""homework_distraction"": ""Often"", ""late_night_use"": ""Never"", ""organized_activity"": ""Less than once a week"", ""parental_rules"": ""Some clear rules"", ""peer_belonging"": ""Often"", ""posting_frequency"": ""At least once a day"", ""primary_platform"": ""YouTube"", ""school_effort"": ""Sometimes"", ""sleep_interference"": ""Often"", ""social_comparison"": ""Never"", ""social_media_hours"": ""One to three hours""}",
59,teen_social_life_target_blueprints_059,pattern_anchor,declared response-pattern anchor,,,,explicit,"{""academic_confidence"": ""Somewhat confident"", ""career_clarity"": ""A fairly clear idea"", ""connection_effect"": ""Makes little difference"", ""future_optimism"": ""Very optimistic"", ""homework_distraction"": ""Sometimes"", ""late_night_use"": ""Rarely"", ""organized_activity"": ""Three or more days a week"", ""parental_rules"": ""Very strict rules"", ""peer_belonging"": ""Sometimes"", ""posting_frequency"": ""Less than once a week"", ""primary_platform"": ""YouTube"", ""school_effort"": ""Often"", ""sleep_interference"": ""Often"", ""social_comparison"": ""Rarely"", ""social_media_hours"": ""Four or more hours""}",
60,teen_social_life_target_blueprints_060,pattern_anchor,declared response-pattern anchor,,,,explicit,"{""academic_confidence"": ""A little confident"", ""career_clarity"": ""No clear idea"", ""connection_effect"": ""Makes me feel more connected"", ""future_optimism"": ""Very optimistic"", ""homework_distraction"": ""Never"", ""late_night_use"": ""Rarely"", ""organized_activity"": ""Less than once a week"", ""parental_rules"": ""Some clear rules"", ""peer_belonging"": ""Often"", ""posting_frequency"": ""Never or almost never"", ""primary_platform"": ""Snapchat"", ""school_effort"": ""Often"", ""sleep_interference"": ""Often"", ""social_comparison"": ""Often"", ""social_media_hours"": ""Less than one hour""}",
61,teen_social_life_target_blueprints_061,pattern_anchor,declared response-pattern anchor,,,,explicit,"{""academic_confidence"": ""Very confident"", ""career_clarity"": ""A few vague ideas"", ""connection_effect"": ""Makes little difference"", ""future_optimism"": ""Somewhat optimistic"", ""homework_distraction"": ""Often"", ""late_night_use"": ""Never"", ""organized_activity"": ""One or two days a week"", ""parental_rules"": ""A few loose rules"", ""peer_belonging"": ""Sometimes"", ""posting_frequency"": ""A few times a week"", ""primary_platform"": ""TikTok"", ""school_effort"": ""Often"", ""sleep_interference"": ""Often"", ""social_comparison"": ""Rarely"", ""social_media_hours"": ""Four or more hours""}",
62,teen_social_life_target_blueprints_062,pattern_anchor,declared response-pattern anchor,,,,explicit,"{""academic_confidence"": ""Somewhat confident"", ""career_clarity"": ""A fairly clear idea"", ""connection_effect"": ""Makes little difference"", ""future_optimism"": ""A little optimistic"", ""homework_distraction"": ""Never"", ""late_night_use"": ""Never"", ""organized_activity"": ""One or two days a week"", ""parental_rules"": ""A few loose rules"", ""peer_belonging"": ""Never"", ""posting_frequency"": ""A few times a week"", ""primary_platform"": ""YouTube"", ""school_effort"": ""Often"", ""sleep_interference"": ""Sometimes"", ""social_comparison"": ""Rarely"", ""social_media_hours"": ""Four or more hours""}",
63,teen_social_life_target_blueprints_063,pattern_anchor,declared response-pattern anchor,,,,explicit,"{""academic_confidence"": ""Somewhat confident"", ""career_clarity"": ""A fairly clear idea"", ""connection_effect"": ""Makes me feel more connected"", ""future_optimism"": ""Somewhat optimistic"", ""homework_distraction"": ""Rarely"", ""late_night_use"": ""Sometimes"", ""organized_activity"": ""Three or more days a week"", ""parental_rules"": ""Very strict rules"", ""peer_belonging"": ""Sometimes"", ""posting_frequency"": ""Never or almost never"", ""primary_platform"": ""Another platform"", ""school_effort"": ""Sometimes"", ""sleep_interference"": ""Often"", ""social_comparison"": ""Never"", ""social_media_hours"": ""Less than one hour""}",
64,teen_social_life_target_blueprints_064,pattern_anchor,declared response-pattern anchor,,,,explicit,"{""academic_confidence"": ""Very confident"", ""career_clarity"": ""A few vague ideas"", ""connection_effect"": ""Makes little difference"", ""future_optimism"": ""Somewhat optimistic"", ""homework_distraction"": ""Sometimes"", ""late_night_use"": ""Often"", ""organized_activity"": ""One or two days a week"", ""parental_rules"": ""A few loose rules"", ""peer_belonging"": ""Sometimes"", ""posting_frequency"": ""A few times a week"", ""primary_platform"": ""Another platform"", ""school_effort"": ""Sometimes"", ""sleep_interference"": ""Often"", ""social_comparison"": ""Rarely"", ""social_media_hours"": ""One to three hours""}",
65,teen_social_life_target_blueprints_065,pattern_anchor,declared response-pattern anchor,,,,explicit,"{""academic_confidence"": ""Somewhat confident"", ""career_clarity"": ""A fairly clear idea"", ""connection_effect"": ""Makes me feel less connected"", ""future_optimism"": ""Not at all optimistic"", ""homework_distraction"": ""Never"", ""late_night_use"": ""Rarely"", ""organized_activity"": ""Never"", ""parental_rules"": ""A few loose rules"", ""peer_belonging"": ""Often"", ""posting_frequency"": ""Never or almost never"", ""primary_platform"": ""YouTube"", ""school_effort"": ""Sometimes"", ""sleep_interference"": ""Often"", ""social_comparison"": ""Never"", ""social_media_hours"": ""One to three hours""}",
66,teen_social_life_target_blueprints_066,pattern_anchor,declared response-pattern anchor,,,,explicit,"{""academic_confidence"": ""Somewhat confident"", ""career_clarity"": ""A fairly clear idea"", ""connection_effect"": ""Makes me feel less connected"", ""future_optimism"": ""A little optimistic"", ""homework_distraction"": ""Never"", ""late_night_use"": ""Never"", ""organized_activity"": ""Never"", ""parental_rules"": ""A few loose rules"", ""peer_belonging"": ""Often"", ""posting_frequency"": ""Never or almost never"", ""primary_platform"": ""Instagram"", ""school_effort"": ""Sometimes"", ""sleep_interference"": ""Sometimes"", ""social_comparison"": ""Never"", ""social_media_hours"": ""One to three hours""}",
67,teen_social_life_target_blueprints_067,pattern_anchor,declared response-pattern anchor,,,,explicit,"{""academic_confidence"": ""Very confident"", ""career_clarity"": ""A fairly clear idea"", ""connection_effect"": ""Makes me feel less connected"", ""future_optimism"": ""Very optimistic"", ""homework_distraction"": ""Rarely"", ""late_night_use"": ""Sometimes"", ""organized_activity"": ""Three or more days a week"", ""parental_rules"": ""No rules"", ""peer_belonging"": ""Often"", ""posting_frequency"": ""Less than once a week"", ""primary_platform"": ""I do not use social media"", ""school_effort"": ""Sometimes"", ""sleep_interference"": ""Rarely"", ""social_comparison"": ""Rarely"", ""social_media_hours"": ""One to three hours""}",
68,teen_social_life_target_blueprints_068,pattern_anchor,declared response-pattern anchor,,,,explicit,"{""academic_confidence"": ""Somewhat confident"", ""career_clarity"": ""A fairly clear idea"", ""connection_effect"": ""Makes me feel less connected"", ""future_optimism"": ""Not at all optimistic"", ""homework_distraction"": ""Never"", ""late_night_use"": ""Rarely"", ""organized_activity"": ""Never"", ""parental_rules"": ""Very strict rules"", ""peer_belonging"": ""Rarely"", ""posting_frequency"": ""At least once a day"", ""primary_platform"": ""TikTok"", ""school_effort"": ""Sometimes"", ""sleep_interference"": ""Sometimes"", ""social_comparison"": ""Sometimes"", ""social_media_hours"": ""Less than one hour""}",
69,teen_social_life_target_blueprints_069,pattern_anchor,declared response-pattern anchor,,,,explicit,"{""academic_confidence"": ""A little confident"", ""career_clarity"": ""A few vague ideas"", ""connection_effect"": ""Makes me feel more connected"", ""future_optimism"": ""Very optimistic"", ""homework_distraction"": ""Rarely"", ""late_night_use"": ""Never"", ""organized_activity"": ""One or two days a week"", ""parental_rules"": ""Very strict rules"", ""peer_belonging"": ""Often"", ""posting_frequency"": ""At least once a day"", ""primary_platform"": ""Instagram"", ""school_effort"": ""Sometimes"", ""sleep_interference"": ""Sometimes"", ""social_comparison"": ""Never"", ""social_media_hours"": ""One to three hours""}",
70,teen_social_life_target_blueprints_070,pattern_anchor,declared response-pattern anchor,,,,explicit,"{""academic_confidence"": ""Somewhat confident"", ""career_clarity"": ""No clear idea"", ""connection_effect"": ""Makes me feel less connected"", ""future_optimism"": ""Not at all optimistic"", ""homework_distraction"": ""Sometimes"", ""late_night_use"": ""Often"", ""organized_activity"": ""One or two days a week"", ""parental_rules"": ""Very strict rules"", ""peer_belonging"": ""Sometimes"", ""posting_frequency"": ""Never or almost never"", ""primary_platform"": ""I do not use social media"", ""school_effort"": ""Often"", ""sleep_interference"": ""Rarely"", ""social_comparison"": ""Rarely"", ""social_media_hours"": ""Less than one hour""}",
71,teen_social_life_target_blueprints_071,pattern_anchor,declared response-pattern anchor,,,,explicit,"{""academic_confidence"": ""Very confident"", ""career_clarity"": ""No clear idea"", ""connection_effect"": ""Makes me feel more connected"", ""future_optimism"": ""A little optimistic"", ""homework_distraction"": ""Never"", ""late_night_use"": ""Sometimes"", ""organized_activity"": ""Less than once a week"", ""parental_rules"": ""Some clear rules"", ""peer_belonging"": ""Often"", ""posting_frequency"": ""A few times a week"", ""primary_platform"": ""I do not use social media"", ""school_effort"": ""Rarely"", ""sleep_interference"": ""Sometimes"", ""social_comparison"": ""Never"", ""social_media_hours"": ""Four or more hours""}",
72,teen_social_life_target_blueprints_072,pattern_anchor,declared response-pattern anchor,,,,explicit,"{""academic_confidence"": ""Very confident"", ""career_clarity"": ""A very clear plan"", ""connection_effect"": ""Makes me feel more connected"", ""future_optimism"": ""Not at all optimistic"", ""homework_distraction"": ""Never"", ""late_night_use"": ""Sometimes"", ""organized_activity"": ""Never"", ""parental_rules"": ""A few loose rules"", ""peer_belonging"": ""Rarely"", ""posting_frequency"": ""A few times a week"", ""primary_platform"": ""Instagram"", ""school_effort"": ""Often"", ""sleep_interference"": ""Often"", ""social_comparison"": ""Never"", ""social_media_hours"": ""Less than one hour""}",
73,teen_social_life_target_blueprints_073,pattern_anchor,declared response-pattern anchor,,,,explicit,"{""academic_confidence"": ""A little confident"", ""career_clarity"": ""A few vague ideas"", ""connection_effect"": ""Makes little difference"", ""future_optimism"": ""Somewhat optimistic"", ""homework_distraction"": ""Often"", ""late_night_use"": ""Sometimes"", ""organized_activity"": ""Never"", ""parental_rules"": ""Very strict rules"", ""peer_belonging"": ""Never"", ""posting_frequency"": ""Less than once a week"", ""primary_platform"": ""Another platform"", ""school_effort"": ""Often"", ""sleep_interference"": ""Rarely"", ""social_comparison"": ""Sometimes"", ""social_media_hours"": ""One to three hours""}",
74,teen_social_life_target_blueprints_074,pattern_anchor,declared response-pattern anchor,,,,explicit,"{""academic_confidence"": ""Somewhat confident"", ""career_clarity"": ""A fairly clear idea"", ""connection_effect"": ""Makes me feel less connected"", ""future_optimism"": ""Very optimistic"", ""homework_distraction"": ""Often"", ""late_night_use"": ""Rarely"", ""organized_activity"": ""One or two days a week"", ""parental_rules"": ""No rules"", ""peer_belonging"": ""Rarely"", ""posting_frequency"": ""A few times a week"", ""primary_platform"": ""TikTok"", ""school_effort"": ""Often"", ""sleep_interference"": ""Often"", ""social_comparison"": ""Sometimes"", ""social_media_hours"": ""Four or more hours""}",
75,teen_social_life_target_blueprints_075,pattern_anchor,declared response-pattern anchor,,,,explicit,"{""academic_confidence"": ""Very confident"", ""career_clarity"": ""A very clear plan"", ""connection_effect"": ""Makes me feel less connected"", ""future_optimism"": ""Not at all optimistic"", ""homework_distraction"": ""Never"", ""late_night_use"": ""Never"", ""organized_activity"": ""Three or more days a week"", ""parental_rules"": ""Some clear rules"", ""peer_belonging"": ""Often"", ""posting_frequency"": ""Less than once a week"", ""primary_platform"": ""TikTok"", ""school_effort"": ""Sometimes"", ""sleep_interference"": ""Never"", ""social_comparison"": ""Sometimes"", ""social_media_hours"": ""Less than one hour""}",
76,teen_social_life_target_blueprints_076,pattern_anchor,declared response-pattern anchor,,,,explicit,"{""academic_confidence"": ""Somewhat confident"", ""career_clarity"": ""A few vague ideas"", ""connection_effect"": ""Makes me feel more connected"", ""future_optimism"": ""Somewhat optimistic"", ""homework_distraction"": ""Sometimes"", ""late_night_use"": ""Often"", ""organized_activity"": ""Never"", ""parental_rules"": ""No rules"", ""peer_belonging"": ""Sometimes"", ""posting_frequency"": ""Never or almost never"", ""primary_platform"": ""YouTube"", ""school_effort"": ""Never"", ""sleep_interference"": ""Sometimes"", ""social_comparison"": ""Sometimes"", ""social_media_hours"": ""Four or more hours""}",
77,teen_social_life_target_blueprints_077,pattern_anchor,declared response-pattern anchor,,,,explicit,"{""academic_confidence"": ""Very confident"", ""career_clarity"": ""No clear idea"", ""connection_effect"": ""Makes me feel more connected"", ""future_optimism"": ""Not at all optimistic"", ""homework_distraction"": ""Rarely"", ""late_night_use"": ""Often"", ""organized_activity"": ""Never"", ""parental_rules"": ""Very strict rules"", ""peer_belonging"": ""Sometimes"", ""posting_frequency"": ""A few times a week"", ""primary_platform"": ""Snapchat"", ""school_effort"": ""Sometimes"", ""sleep_interference"": ""Never"", ""social_comparison"": ""Rarely"", ""social_media_hours"": ""Less than one hour""}",
78,teen_social_life_target_blueprints_078,pattern_anchor,declared response-pattern anchor,,,,explicit,"{""academic_confidence"": ""Somewhat confident"", ""career_clarity"": ""A fairly clear idea"", ""connection_effect"": ""Makes little difference"", ""future_optimism"": ""Very optimistic"", ""homework_distraction"": ""Sometimes"", ""late_night_use"": ""Rarely"", ""organized_activity"": ""Never"", ""parental_rules"": ""Some clear rules"", ""peer_belonging"": ""Often"", ""posting_frequency"": ""A few times a week"", ""primary_platform"": ""YouTube"", ""school_effort"": ""Sometimes"", ""sleep_interference"": ""Often"", ""social_comparison"": ""Often"", ""social_media_hours"": ""Less than one hour""}",
79,teen_social_life_target_blueprints_079,pattern_anchor,declared response-pattern anchor,,,,explicit,"{""academic_confidence"": ""Somewhat confident"", ""career_clarity"": ""No clear idea"", ""connection_effect"": ""Makes little difference"", ""future_optimism"": ""Not at all optimistic"", ""homework_distraction"": ""Often"", ""late_night_use"": ""Sometimes"", ""organized_activity"": ""Never"", ""parental_rules"": ""Very strict rules"", ""peer_belonging"": ""Sometimes"", ""posting_frequency"": ""Less than once a week"", ""primary_platform"": ""Another platform"", ""school_effort"": ""Often"", ""sleep_interference"": ""Sometimes"", ""social_comparison"": ""Often"", ""social_media_hours"": ""One to three hours""}",
80,teen_social_life_target_blueprints_080,pattern_anchor,declared response-pattern anchor,,,,explicit,"{""academic_confidence"": ""Very confident"", ""career_clarity"": ""A few vague ideas"", ""connection_effect"": ""Makes me feel less connected"", ""future_optimism"": ""A little optimistic"", ""homework_distraction"": ""Never"", ""late_night_use"": ""Rarely"", ""organized_activity"": ""One or two days a week"", ""parental_rules"": ""A few loose rules"", ""peer_belonging"": ""Rarely"", ""posting_frequency"": ""At least once a day"", ""primary_platform"": ""Snapchat"", ""school_effort"": ""Often"", ""sleep_interference"": ""Rarely"", ""social_comparison"": ""Often"", ""social_media_hours"": ""Four or more hours""}",
81,teen_social_life_target_blueprints_081,pattern_anchor,declared response-pattern anchor,,,,explicit,"{""academic_confidence"": ""Very confident"", ""career_clarity"": ""A few vague ideas"", ""connection_effect"": ""Makes little difference"", ""future_optimism"": ""Very optimistic"", ""homework_distraction"": ""Never"", ""late_night_use"": ""Rarely"", ""organized_activity"": ""Never"", ""parental_rules"": ""No rules"", ""peer_belonging"": ""Sometimes"", ""posting_frequency"": ""A few times a week"", ""primary_platform"": ""Snapchat"", ""school_effort"": ""Often"", ""sleep_interference"": ""Sometimes"", ""social_comparison"": ""Sometimes"", ""social_media_hours"": ""Four or more hours""}",
82,teen_social_life_target_blueprints_082,pattern_anchor,declared response-pattern anchor,,,,explicit,"{""academic_confidence"": ""A little confident"", ""career_clarity"": ""A fairly clear idea"", ""connection_effect"": ""Makes me feel less connected"", ""future_optimism"": ""Very optimistic"", ""homework_distraction"": ""Sometimes"", ""late_night_use"": ""Often"", ""organized_activity"": ""Never"", ""parental_rules"": ""No rules"", ""peer_belonging"": ""Often"", ""posting_frequency"": ""A few times a week"", ""primary_platform"": ""YouTube"", ""school_effort"": ""Sometimes"", ""sleep_interference"": ""Often"", ""social_comparison"": ""Rarely"", ""social_media_hours"": ""Four or more hours""}",
83,teen_social_life_target_blueprints_083,pattern_anchor,declared response-pattern anchor,,,,explicit,"{""academic_confidence"": ""Very confident"", ""career_clarity"": ""No clear idea"", ""connection_effect"": ""Makes me feel less connected"", ""future_optimism"": ""Very optimistic"", ""homework_distraction"": ""Never"", ""late_night_use"": ""Rarely"", ""organized_activity"": ""One or two days a week"", ""parental_rules"": ""Some clear rules"", ""peer_belonging"": ""Often"", ""posting_frequency"": ""At least once a day"", ""primary_platform"": ""TikTok"", ""school_effort"": ""Rarely"", ""sleep_interference"": ""Never"", ""social_comparison"": ""Sometimes"", ""social_media_hours"": ""Four or more hours""}",
84,teen_social_life_target_blueprints_084,pattern_anchor,declared response-pattern anchor,,,,explicit,"{""academic_confidence"": ""A little confident"", ""career_clarity"": ""A few vague ideas"", ""connection_effect"": ""Makes little difference"", ""future_optimism"": ""Not at all optimistic"", ""homework_distraction"": ""Often"", ""late_night_use"": ""Rarely"", ""organized_activity"": ""One or two days a week"", ""parental_rules"": ""A few loose rules"", ""peer_belonging"": ""Rarely"", ""posting_frequency"": ""Never or almost never"", ""primary_platform"": ""I do not use social media"", ""school_effort"": ""Often"", ""sleep_interference"": ""Never"", ""social_comparison"": ""Rarely"", ""social_media_hours"": ""Four or more hours""}",
85,teen_social_life_target_blueprints_085,pattern_anchor,declared response-pattern anchor,,,,explicit,"{""academic_confidence"": ""Not at all confident"", ""career_clarity"": ""A very clear plan"", ""connection_effect"": ""Makes me feel less connected"", ""future_optimism"": ""Not at all optimistic"", ""homework_distraction"": ""Never"", ""late_night_use"": ""Sometimes"", ""organized_activity"": ""Three or more days a week"", ""parental_rules"": ""No rules"", ""peer_belonging"": ""Sometimes"", ""posting_frequency"": ""Never or almost never"", ""primary_platform"": ""I do not use social media"", ""school_effort"": ""Often"", ""sleep_interference"": ""Often"", ""social_comparison"": ""Rarely"", ""social_media_hours"": ""One to three hours""}",
86,teen_social_life_target_blueprints_086,pattern_anchor,declared response-pattern anchor,,,,explicit,"{""academic_confidence"": ""Very confident"", ""career_clarity"": ""A few vague ideas"", ""connection_effect"": ""Makes me feel less connected"", ""future_optimism"": ""A little optimistic"", ""homework_distraction"": ""Often"", ""late_night_use"": ""Often"", ""organized_activity"": ""Less than once a week"", ""parental_rules"": ""Very strict rules"", ""peer_belonging"": ""Sometimes"", ""posting_frequency"": ""Less than once a week"", ""primary_platform"": ""TikTok"", ""school_effort"": ""Often"", ""sleep_interference"": ""Rarely"", ""social_comparison"": ""Sometimes"", ""social_media_hours"": ""Four or more hours""}",
87,teen_social_life_target_blueprints_087,pattern_anchor,declared response-pattern anchor,,,,explicit,"{""academic_confidence"": ""Very confident"", ""career_clarity"": ""A very clear plan"", ""connection_effect"": ""Makes me feel less connected"", ""future_optimism"": ""A little optimistic"", ""homework_distraction"": ""Often"", ""late_night_use"": ""Rarely"", ""organized_activity"": ""Never"", ""parental_rules"": ""Very strict rules"", ""peer_belonging"": ""Sometimes"", ""posting_frequency"": ""Never or almost never"", ""primary_platform"": ""Snapchat"", ""school_effort"": ""Rarely"", ""sleep_interference"": ""Sometimes"", ""social_comparison"": ""Never"", ""social_media_hours"": ""One to three hours""}",
88,teen_social_life_target_blueprints_088,pattern_anchor,declared response-pattern anchor,,,,explicit,"{""academic_confidence"": ""Very confident"", ""career_clarity"": ""A fairly clear idea"", ""connection_effect"": ""Makes little difference"", ""future_optimism"": ""A little optimistic"", ""homework_distraction"": ""Rarely"", ""late_night_use"": ""Never"", ""organized_activity"": ""Never"", ""parental_rules"": ""No rules"", ""peer_belonging"": ""Sometimes"", ""posting_frequency"": ""At least once a day"", ""primary_platform"": ""Snapchat"", ""school_effort"": ""Sometimes"", ""sleep_interference"": ""Rarely"", ""social_comparison"": ""Rarely"", ""social_media_hours"": ""One to three hours""}",
89,teen_social_life_target_blueprints_089,pattern_anchor,declared response-pattern anchor,,,,explicit,"{""academic_confidence"": ""Somewhat confident"", ""career_clarity"": ""A few vague ideas"", ""connection_effect"": ""Makes me feel more connected"", ""future_optimism"": ""Not at all optimistic"", ""homework_distraction"": ""Never"", ""late_night_use"": ""Rarely"", ""organized_activity"": ""Three or more days a week"", ""parental_rules"": ""Very strict rules"", ""peer_belonging"": ""Often"", ""posting_frequency"": ""A few times a week"", ""primary_platform"": ""I do not use social media"", ""school_effort"": ""Sometimes"", ""sleep_interference"": ""Sometimes"", ""social_comparison"": ""Rarely"", ""social_media_hours"": ""One to three hours""}",
90,teen_social_life_target_blueprints_090,pattern_anchor,declared response-pattern anchor,,,,explicit,"{""academic_confidence"": ""Somewhat confident"", ""career_clarity"": ""A few vague ideas"", ""connection_effect"": ""Makes me feel more connected"", ""future_optimism"": ""Not at all optimistic"", ""homework_distraction"": ""Never"", ""late_night_use"": ""Often"", ""organized_activity"": ""One or two days a week"", ""parental_rules"": ""Very strict rules"", ""peer_belonging"": ""Rarely"", ""posting_frequency"": ""Less than once a week"", ""primary_platform"": ""YouTube"", ""school_effort"": ""Often"", ""sleep_interference"": ""Sometimes"", ""social_comparison"": ""Rarely"", ""social_media_hours"": ""Less than one hour""}",
91,teen_social_life_target_blueprints_091,pattern_anchor,declared response-pattern anchor,,,,explicit,"{""academic_confidence"": ""Very confident"", ""career_clarity"": ""A fairly clear idea"", ""connection_effect"": ""Makes me feel more connected"", ""future_optimism"": ""Not at all optimistic"", ""homework_distraction"": ""Often"", ""late_night_use"": ""Sometimes"", ""organized_activity"": ""Less than once a week"", ""parental_rules"": ""A few loose rules"", ""peer_belonging"": ""Often"", ""posting_frequency"": ""A few times a week"", ""primary_platform"": ""I do not use social media"", ""school_effort"": ""Sometimes"", ""sleep_interference"": ""Often"", ""social_comparison"": ""Rarely"", ""social_media_hours"": ""One to three hours""}",
92,teen_social_life_target_blueprints_092,pattern_anchor,declared response-pattern anchor,,,,explicit,"{""academic_confidence"": ""Somewhat confident"", ""career_clarity"": ""A fairly clear idea"", ""connection_effect"": ""Makes little difference"", ""future_optimism"": ""Very optimistic"", ""homework_distraction"": ""Sometimes"", ""late_night_use"": ""Never"", ""organized_activity"": ""Three or more days a week"", ""parental_rules"": ""A few loose rules"", ""peer_belonging"": ""Sometimes"", ""posting_frequency"": ""Less than once a week"", ""primary_platform"": ""TikTok"", ""school_effort"": ""Sometimes"", ""sleep_interference"": ""Rarely"", ""social_comparison"": ""Sometimes"", ""social_media_hours"": ""Four or more hours""}",
93,teen_social_life_target_blueprints_093,pattern_anchor,declared response-pattern anchor,,,,explicit,"{""academic_confidence"": ""Somewhat confident"", ""career_clarity"": ""A few vague ideas"", ""connection_effect"": ""Makes me feel more connected"", ""future_optimism"": ""Somewhat optimistic"", ""homework_distraction"": ""Rarely"", ""late_night_use"": ""Sometimes"", ""organized_activity"": ""Never"", ""parental_rules"": ""Some clear rules"", ""peer_belonging"": ""Often"", ""posting_frequency"": ""A few times a week"", ""primary_platform"": ""I do not use social media"", ""school_effort"": ""Sometimes"", ""sleep_interference"": ""Rarely"", ""social_comparison"": ""Rarely"", ""social_media_hours"": ""Four or more hours""}",
94,teen_social_life_target_blueprints_094,pattern_anchor,declared response-pattern anchor,,,,explicit,"{""academic_confidence"": ""Very confident"", ""career_clarity"": ""A few vague ideas"", ""connection_effect"": ""Makes little difference"", ""future_optimism"": ""Not at all optimistic"", ""homework_distraction"": ""Never"", ""late_night_use"": ""Never"", ""organized_activity"": ""Less than once a week"", ""parental_rules"": ""Very strict rules"", ""peer_belonging"": ""Sometimes"", ""posting_frequency"": ""At least once a day"", ""primary_platform"": ""TikTok"", ""school_effort"": ""Often"", ""sleep_interference"": ""Rarely"", ""social_comparison"": ""Rarely"", ""social_media_hours"": ""Four or more hours""}",
95,teen_social_life_target_blueprints_095,pattern_anchor,declared response-pattern anchor,,,,explicit,"{""academic_confidence"": ""Very confident"", ""career_clarity"": ""A fairly clear idea"", ""connection_effect"": ""Makes little difference"", ""future_optimism"": ""Somewhat optimistic"", ""homework_distraction"": ""Rarely"", ""late_night_use"": ""Never"", ""organized_activity"": ""One or two days a week"", ""parental_rules"": ""Very strict rules"", ""peer_belonging"": ""Often"", ""posting_frequency"": ""Less than once a week"", ""primary_platform"": ""TikTok"", ""school_effort"": ""Never"", ""sleep_interference"": ""Often"", ""social_comparison"": ""Never"", ""social_media_hours"": ""Less than one hour""}",
96,teen_social_life_target_blueprints_096,pattern_anchor,declared response-pattern anchor,,,,explicit,"{""academic_confidence"": ""Not at all confident"", ""career_clarity"": ""A few vague ideas"", ""connection_effect"": ""Makes little difference"", ""future_optimism"": ""Not at all optimistic"", ""homework_distraction"": ""Sometimes"", ""late_night_use"": ""Never"", ""organized_activity"": ""One or two days a week"", ""parental_rules"": ""Some clear rules"", ""peer_belonging"": ""Sometimes"", ""posting_frequency"": ""Less than once a week"", ""primary_platform"": ""Snapchat"", ""school_effort"": ""Often"", ""sleep_interference"": ""Sometimes"", ""social_comparison"": ""Rarely"", ""social_media_hours"": ""Less than one hour""}",
97,teen_social_life_target_blueprints_097,pattern_anchor,declared response-pattern anchor,,,,explicit,"{""academic_confidence"": ""Very confident"", ""career_clarity"": ""A fairly clear idea"", ""connection_effect"": ""Makes me feel less connected"", ""future_optimism"": ""A little optimistic"", ""homework_distraction"": ""Sometimes"", ""late_night_use"": ""Sometimes"", ""organized_activity"": ""Less than once a week"", ""parental_rules"": ""Some clear rules"", ""peer_belonging"": ""Often"", ""posting_frequency"": ""At least once a day"", ""primary_platform"": ""YouTube"", ""school_effort"": ""Often"", ""sleep_interference"": ""Often"", ""social_comparison"": ""Sometimes"", ""social_media_hours"": ""One to three hours""}",
98,teen_social_life_target_blueprints_098,pattern_anchor,declared response-pattern anchor,,,,explicit,"{""academic_confidence"": ""Very confident"", ""career_clarity"": ""A few vague ideas"", ""connection_effect"": ""Makes me feel less connected"", ""future_optimism"": ""Somewhat optimistic"", ""homework_distraction"": ""Often"", ""late_night_use"": ""Rarely"", ""organized_activity"": ""Three or more days a week"", ""parental_rules"": ""A few loose rules"", ""peer_belonging"": ""Sometimes"", ""posting_frequency"": ""At least once a day"", ""primary_platform"": ""Another platform"", ""school_effort"": ""Often"", ""sleep_interference"": ""Often"", ""social_comparison"": ""Rarely"", ""social_media_hours"": ""Four or more hours""}",
99,teen_social_life_target_blueprints_099,pattern_anchor,declared response-pattern anchor,,,,explicit,"{""academic_confidence"": ""Somewhat confident"", ""career_clarity"": ""A fairly clear idea"", ""connection_effect"": ""Makes little difference"", ""future_optimism"": ""Not at all optimistic"", ""homework_distraction"": ""Never"", ""late_night_use"": ""Rarely"", ""organized_activity"": ""Three or more days a week"", ""parental_rules"": ""No rules"", ""peer_belonging"": ""Rarely"", ""posting_frequency"": ""A few times a week"", ""primary_platform"": ""Another platform"", ""school_effort"": ""Sometimes"", ""sleep_interference"": ""Rarely"", ""social_comparison"": ""Sometimes"", ""social_media_hours"": ""One to three hours""}",
100,teen_social_life_target_blueprints_100,pattern_anchor,declared response-pattern anchor,,,,explicit,"{""academic_confidence"": ""Very confident"", ""career_clarity"": ""A fairly clear idea"", ""connection_effect"": ""Makes me feel less connected"", ""future_optimism"": ""A little optimistic"", ""homework_distraction"": ""Never"", ""late_night_use"": ""Rarely"", ""organized_activity"": ""Three or more days a week"", ""parental_rules"": ""Very strict rules"", ""peer_belonging"": ""Often"", ""posting_frequency"": ""At least once a day"", ""primary_platform"": ""Another platform"", ""school_effort"": ""Rarely"", ""sleep_interference"": ""Sometimes"", ""social_comparison"": ""Rarely"", ""social_media_hours"": ""One to three hours""}",
101,teen_social_life_target_blueprints_101,pattern_anchor,declared response-pattern anchor,,,,explicit,"{""academic_confidence"": ""Very confident"", ""career_clarity"": ""A very clear plan"", ""connection_effect"": ""Makes me feel more connected"", ""future_optimism"": ""Very optimistic"", ""homework_distraction"": ""Rarely"", ""late_night_use"": ""Never"", ""organized_activity"": ""One or two days a week"", ""parental_rules"": ""No rules"", ""peer_belonging"": ""Sometimes"", ""posting_frequency"": ""A few times a week"", ""primary_platform"": ""I do not use social media"", ""school_effort"": ""Often"", ""sleep_interference"": ""Rarely"", ""social_comparison"": ""Rarely"", ""social_media_hours"": ""Four or more hours""}",
102,teen_social_life_target_blueprints_102,pattern_anchor,declared response-pattern anchor,,,,explicit,"{""academic_confidence"": ""Somewhat confident"", ""career_clarity"": ""A few vague ideas"", ""connection_effect"": ""Makes me feel more connected"", ""future_optimism"": ""A little optimistic"", ""homework_distraction"": ""Often"", ""late_night_use"": ""Never"", ""organized_activity"": ""Less than once a week"", ""parental_rules"": ""No rules"", ""peer_belonging"": ""Often"", ""posting_frequency"": ""At least once a day"", ""primary_platform"": ""I do not use social media"", ""school_effort"": ""Rarely"", ""sleep_interference"": ""Sometimes"", ""social_comparison"": ""Sometimes"", ""social_media_hours"": ""Four or more hours""}",
103,teen_social_life_target_blueprints_103,pattern_anchor,declared response-pattern anchor,,,,explicit,"{""academic_confidence"": ""Very confident"", ""career_clarity"": ""A few vague ideas"", ""connection_effect"": ""Makes little difference"", ""future_optimism"": ""Very optimistic"", ""homework_distraction"": ""Never"", ""late_night_use"": ""Often"", ""organized_activity"": ""One or two days a week"", ""parental_rules"": ""Very strict rules"", ""peer_belonging"": ""Sometimes"", ""posting_frequency"": ""Less than once a week"", ""primary_platform"": ""Another platform"", ""school_effort"": ""Often"", ""sleep_interference"": ""Rarely"", ""social_comparison"": ""Often"", ""social_media_hours"": ""Less than one hour""}",
104,teen_social_life_target_blueprints_104,pattern_anchor,declared response-pattern anchor,,,,explicit,"{""academic_confidence"": ""Very confident"", ""career_clarity"": ""No clear idea"", ""connection_effect"": ""Makes me feel more connected"", ""future_optimism"": ""Not at all optimistic"", ""homework_distraction"": ""Never"", ""late_night_use"": ""Never"", ""organized_activity"": ""Never"", ""parental_rules"": ""Very strict rules"", ""peer_belonging"": ""Often"", ""posting_frequency"": ""Never or almost never"", ""primary_platform"": ""Instagram"", ""school_effort"": ""Often"", ""sleep_interference"": ""Sometimes"", ""social_comparison"": ""Sometimes"", ""social_media_hours"": ""Four or more hours""}",
105,teen_social_life_target_blueprints_105,pattern_anchor,declared response-pattern anchor,,,,explicit,"{""academic_confidence"": ""Very confident"", ""career_clarity"": ""No clear idea"", ""connection_effect"": ""Makes me feel more connected"", ""future_optimism"": ""A little optimistic"", ""homework_distraction"": ""Sometimes"", ""late_night_use"": ""Often"", ""organized_activity"": ""Never"", ""parental_rules"": ""No rules"", ""peer_belonging"": ""Sometimes"", ""posting_frequency"": ""A few times a week"", ""primary_platform"": ""Snapchat"", ""school_effort"": ""Often"", ""sleep_interference"": ""Often"", ""social_comparison"": ""Sometimes"", ""social_media_hours"": ""Less than one hour""}",
106,teen_social_life_target_blueprints_106,pattern_anchor,declared response-pattern anchor,,,,explicit,"{""academic_confidence"": ""Somewhat confident"", ""career_clarity"": ""No clear idea"", ""connection_effect"": ""Makes me feel less connected"", ""future_optimism"": ""A little optimistic"", ""homework_distraction"": ""Never"", ""late_night_use"": ""Often"", ""organized_activity"": ""One or two days a week"", ""parental_rules"": ""No rules"", ""peer_belonging"": ""Sometimes"", ""posting_frequency"": ""Less than once a week"", ""primary_platform"": ""YouTube"", ""school_effort"": ""Often"", ""sleep_interference"": ""Sometimes"", ""social_comparison"": ""Sometimes"", ""social_media_hours"": ""One to three hours""}",
107,teen_social_life_target_blueprints_107,pattern_anchor,declared response-pattern anchor,,,,explicit,"{""academic_confidence"": ""Somewhat confident"", ""career_clarity"": ""A fairly clear idea"", ""connection_effect"": ""Makes me feel less connected"", ""future_optimism"": ""Not at all optimistic"", ""homework_distraction"": ""Rarely"", ""late_night_use"": ""Often"", ""organized_activity"": ""Three or more days a week"", ""parental_rules"": ""No rules"", ""peer_belonging"": ""Sometimes"", ""posting_frequency"": ""Less than once a week"", ""primary_platform"": ""Instagram"", ""school_effort"": ""Often"", ""sleep_interference"": ""Sometimes"", ""social_comparison"": ""Often"", ""social_media_hours"": ""Less than one hour""}",
108,teen_social_life_target_blueprints_108,pattern_anchor,declared response-pattern anchor,,,,explicit,"{""academic_confidence"": ""Somewhat confident"", ""career_clarity"": ""A few vague ideas"", ""connection_effect"": ""Makes me feel more connected"", ""future_optimism"": ""Somewhat optimistic"", ""homework_distraction"": ""Never"", ""late_night_use"": ""Never"", ""organized_activity"": ""Less than once a week"", ""parental_rules"": ""No rules"", ""peer_belonging"": ""Rarely"", ""posting_frequency"": ""Never or almost never"", ""primary_platform"": ""Snapchat"", ""school_effort"": ""Sometimes"", ""sleep_interference"": ""Sometimes"", ""social_comparison"": ""Often"", ""social_media_hours"": ""One to three hours""}",
109,teen_social_life_target_blueprints_109,pattern_anchor,declared response-pattern anchor,,,,explicit,"{""academic_confidence"": ""Somewhat confident"", ""career_clarity"": ""A fairly clear idea"", ""connection_effect"": ""Makes me feel more connected"", ""future_optimism"": ""Somewhat optimistic"", ""homework_distraction"": ""Sometimes"", ""late_night_use"": ""Often"", ""organized_activity"": ""Less than once a week"", ""parental_rules"": ""No rules"", ""peer_belonging"": ""Sometimes"", ""posting_frequency"": ""A few times a week"", ""primary_platform"": ""TikTok"", ""school_effort"": ""Rarely"", ""sleep_interference"": ""Sometimes"", ""social_comparison"": ""Rarely"", ""social_media_hours"": ""Less than one hour""}",
110,teen_social_life_target_blueprints_110,pattern_anchor,declared response-pattern anchor,,,,explicit,"{""academic_confidence"": ""Very confident"", ""career_clarity"": ""A very clear plan"", ""connection_effect"": ""Makes me feel more connected"", ""future_optimism"": ""Not at all optimistic"", ""homework_distraction"": ""Rarely"", ""late_night_use"": ""Rarely"", ""organized_activity"": ""Less than once a week"", ""parental_rules"": ""Some clear rules"", ""peer_belonging"": ""Sometimes"", ""posting_frequency"": ""At least once a day"", ""primary_platform"": ""Instagram"", ""school_effort"": ""Often"", ""sleep_interference"": ""Often"", ""social_comparison"": ""Rarely"", ""social_media_hours"": ""Less than one hour""}",
111,teen_social_life_target_blueprints_111,pattern_anchor,declared response-pattern anchor,,,,explicit,"{""academic_confidence"": ""Very confident"", ""career_clarity"": ""A fairly clear idea"", ""connection_effect"": ""Makes me feel less connected"", ""future_optimism"": ""Somewhat optimistic"", ""homework_distraction"": ""Sometimes"", ""late_night_use"": ""Often"", ""organized_activity"": ""Never"", ""parental_rules"": ""Some clear rules"", ""peer_belonging"": ""Rarely"", ""posting_frequency"": ""A few times a week"", ""primary_platform"": ""Instagram"", ""school_effort"": ""Often"", ""sleep_interference"": ""Sometimes"", ""social_comparison"": ""Often"", ""social_media_hours"": ""Four or more hours""}",
112,teen_social_life_target_blueprints_112,pattern_anchor,declared response-pattern anchor,,,,explicit,"{""academic_confidence"": ""Very confident"", ""career_clarity"": ""A very clear plan"", ""connection_effect"": ""Makes me feel more connected"", ""future_optimism"": ""Somewhat optimistic"", ""homework_distraction"": ""Often"", ""late_night_use"": ""Rarely"", ""organized_activity"": ""Never"", ""parental_rules"": ""Some clear rules"", ""peer_belonging"": ""Often"", ""posting_frequency"": ""A few times a week"", ""primary_platform"": ""Instagram"", ""school_effort"": ""Often"", ""sleep_interference"": ""Sometimes"", ""social_comparison"": ""Never"", ""social_media_hours"": ""Four or more hours""}",
113,teen_social_life_target_blueprints_113,pattern_anchor,declared response-pattern anchor,,,,explicit,"{""academic_confidence"": ""Very confident"", ""career_clarity"": ""A few vague ideas"", ""connection_effect"": ""Makes little difference"", ""future_optimism"": ""Very optimistic"", ""homework_distraction"": ""Sometimes"", ""late_night_use"": ""Rarely"", ""organized_activity"": ""Three or more days a week"", ""parental_rules"": ""A few loose rules"", ""peer_belonging"": ""Sometimes"", ""posting_frequency"": ""At least once a day"", ""primary_platform"": ""Snapchat"", ""school_effort"": ""Often"", ""sleep_interference"": ""Sometimes"", ""social_comparison"": ""Sometimes"", ""social_media_hours"": ""Less than one hour""}",
114,teen_social_life_target_blueprints_114,pattern_anchor,declared response-pattern anchor,,,,explicit,"{""academic_confidence"": ""Very confident"", ""career_clarity"": ""A few vague ideas"", ""connection_effect"": ""Makes little difference"", ""future_optimism"": ""Not at all optimistic"", ""homework_distraction"": ""Sometimes"", ""late_night_use"": ""Often"", ""organized_activity"": ""Never"", ""parental_rules"": ""No rules"", ""peer_belonging"": ""Sometimes"", ""posting_frequency"": ""Never or almost never"", ""primary_platform"": ""Instagram"", ""school_effort"": ""Rarely"", ""sleep_interference"": ""Rarely"", ""social_comparison"": ""Sometimes"", ""social_media_hours"": ""Less than one hour""}",
115,teen_social_life_target_blueprints_115,pattern_anchor,declared response-pattern anchor,,,,explicit,"{""academic_confidence"": ""Very confident"", ""career_clarity"": ""A very clear plan"", ""connection_effect"": ""Makes me feel less connected"", ""future_optimism"": ""A little optimistic"", ""homework_distraction"": ""Sometimes"", ""late_night_use"": ""Never"", ""organized_activity"": ""Less than once a week"", ""parental_rules"": ""Very strict rules"", ""peer_belonging"": ""Never"", ""posting_frequency"": ""Less than once a week"", ""primary_platform"": ""I do not use social media"", ""school_effort"": ""Sometimes"", ""sleep_interference"": ""Often"", ""social_comparison"": ""Sometimes"", ""social_media_hours"": ""Less than one hour""}",
116,teen_social_life_target_blueprints_116,pattern_anchor,declared response-pattern anchor,,,,explicit,"{""academic_confidence"": ""A little confident"", ""career_clarity"": ""A few vague ideas"", ""connection_effect"": ""Makes me feel more connected"", ""future_optimism"": ""Very optimistic"", ""homework_distraction"": ""Never"", ""late_night_use"": ""Often"", ""organized_activity"": ""Less than once a week"", ""parental_rules"": ""No rules"", ""peer_belonging"": ""Often"", ""posting_frequency"": ""A few times a week"", ""primary_platform"": ""TikTok"", ""school_effort"": ""Sometimes"", ""sleep_interference"": ""Often"", ""social_comparison"": ""Rarely"", ""social_media_hours"": ""Less than one hour""}",
117,teen_social_life_target_blueprints_117,pattern_anchor,declared response-pattern anchor,,,,explicit,"{""academic_confidence"": ""Somewhat confident"", ""career_clarity"": ""A fairly clear idea"", ""connection_effect"": ""Makes me feel less connected"", ""future_optimism"": ""A little optimistic"", ""homework_distraction"": ""Often"", ""late_night_use"": ""Often"", ""organized_activity"": ""Three or more days a week"", ""parental_rules"": ""A few loose rules"", ""peer_belonging"": ""Never"", ""posting_frequency"": ""A few times a week"", ""primary_platform"": ""Another platform"", ""school_effort"": ""Often"", ""sleep_interference"": ""Rarely"", ""social_comparison"": ""Rarely"", ""social_media_hours"": ""Four or more hours""}",
118,teen_social_life_target_blueprints_118,pattern_anchor,declared response-pattern anchor,,,,explicit,"{""academic_confidence"": ""A little confident"", ""career_clarity"": ""A fairly clear idea"", ""connection_effect"": ""Makes little difference"", ""future_optimism"": ""Very optimistic"", ""homework_distraction"": ""Rarely"", ""late_night_use"": ""Rarely"", ""organized_activity"": ""Never"", ""parental_rules"": ""Some clear rules"", ""peer_belonging"": ""Sometimes"", ""posting_frequency"": ""A few times a week"", ""primary_platform"": ""YouTube"", ""school_effort"": ""Sometimes"", ""sleep_interference"": ""Rarely"", ""social_comparison"": ""Sometimes"", ""social_media_hours"": ""Four or more hours""}",
119,teen_social_life_target_blueprints_119,pattern_anchor,declared response-pattern anchor,,,,explicit,"{""academic_confidence"": ""A little confident"", ""career_clarity"": ""A few vague ideas"", ""connection_effect"": ""Makes me feel more connected"", ""future_optimism"": ""A little optimistic"", ""homework_distraction"": ""Sometimes"", ""late_night_use"": ""Sometimes"", ""organized_activity"": ""Less than once a week"", ""parental_rules"": ""Very strict rules"", ""peer_belonging"": ""Often"", ""posting_frequency"": ""Never or almost never"", ""primary_platform"": ""TikTok"", ""school_effort"": ""Often"", ""sleep_interference"": ""Never"", ""social_comparison"": ""Often"", ""social_media_hours"": ""Four or more hours""}",
120,teen_social_life_target_blueprints_120,pattern_anchor,declared response-pattern anchor,,,,explicit,"{""academic_confidence"": ""Somewhat confident"", ""career_clarity"": ""A few vague ideas"", ""connection_effect"": ""Makes little difference"", ""future_optimism"": ""Not at all optimistic"", ""homework_distraction"": ""Often"", ""late_night_use"": ""Rarely"", ""organized_activity"": ""One or two days a week"", ""parental_rules"": ""Some clear rules"", ""peer_belonging"": ""Rarely"", ""posting_frequency"": ""Never or almost never"", ""primary_platform"": ""Snapchat"", ""school_effort"": ""Sometimes"", ""sleep_interference"": ""Sometimes"", ""social_comparison"": ""Never"", ""social_media_hours"": ""Less than one hour""}",
121,teen_social_life_target_blueprints_121,pattern_anchor,declared response-pattern anchor,,,,explicit,"{""academic_confidence"": ""Very confident"", ""career_clarity"": ""A few vague ideas"", ""connection_effect"": ""Makes little difference"", ""future_optimism"": ""Somewhat optimistic"", ""homework_distraction"": ""Rarely"", ""late_night_use"": ""Never"", ""organized_activity"": ""Never"", ""parental_rules"": ""Some clear rules"", ""peer_belonging"": ""Rarely"", ""posting_frequency"": ""Less than once a week"", ""primary_platform"": ""YouTube"", ""school_effort"": ""Sometimes"", ""sleep_interference"": ""Sometimes"", ""social_comparison"": ""Sometimes"", ""social_media_hours"": ""Four or more hours""}",
122,teen_social_life_target_blueprints_122,pattern_anchor,declared response-pattern anchor,,,,explicit,"{""academic_confidence"": ""Somewhat confident"", ""career_clarity"": ""No clear idea"", ""connection_effect"": ""Makes little difference"", ""future_optimism"": ""Not at all optimistic"", ""homework_distraction"": ""Rarely"", ""late_night_use"": ""Often"", ""organized_activity"": ""Three or more days a week"", ""parental_rules"": ""A few loose rules"", ""peer_belonging"": ""Often"", ""posting_frequency"": ""Less than once a week"", ""primary_platform"": ""TikTok"", ""school_effort"": ""Often"", ""sleep_interference"": ""Sometimes"", ""social_comparison"": ""Sometimes"", ""social_media_hours"": ""Less than one hour""}",
123,teen_social_life_target_blueprints_123,pattern_anchor,declared response-pattern anchor,,,,explicit,"{""academic_confidence"": ""Very confident"", ""career_clarity"": ""A few vague ideas"", ""connection_effect"": ""Makes me feel more connected"", ""future_optimism"": ""A little optimistic"", ""homework_distraction"": ""Never"", ""late_night_use"": ""Often"", ""organized_activity"": ""One or two days a week"", ""parental_rules"": ""Some clear rules"", ""peer_belonging"": ""Never"", ""posting_frequency"": ""At least once a day"", ""primary_platform"": ""YouTube"", ""school_effort"": ""Sometimes"", ""sleep_interference"": ""Sometimes"", ""social_comparison"": ""Rarely"", ""social_media_hours"": ""Four or more hours""}",
124,teen_social_life_target_blueprints_124,pattern_anchor,declared response-pattern anchor,,,,explicit,"{""academic_confidence"": ""Very confident"", ""career_clarity"": ""A few vague ideas"", ""connection_effect"": ""Makes little difference"", ""future_optimism"": ""A little optimistic"", ""homework_distraction"": ""Often"", ""late_night_use"": ""Never"", ""organized_activity"": ""Less than once a week"", ""parental_rules"": ""Very strict rules"", ""peer_belonging"": ""Often"", ""posting_frequency"": ""A few times a week"", ""primary_platform"": ""YouTube"", ""school_effort"": ""Sometimes"", ""sleep_interference"": ""Sometimes"", ""social_comparison"": ""Rarely"", ""social_media_hours"": ""Less than one hour""}",
125,teen_social_life_target_blueprints_125,pattern_anchor,declared response-pattern anchor,,,,explicit,"{""academic_confidence"": ""Very confident"", ""career_clarity"": ""A fairly clear idea"", ""connection_effect"": ""Makes me feel more connected"", ""future_optimism"": ""A little optimistic"", ""homework_distraction"": ""Often"", ""late_night_use"": ""Never"", ""organized_activity"": ""Three or more days a week"", ""parental_rules"": ""Some clear rules"", ""peer_belonging"": ""Often"", ""posting_frequency"": ""A few times a week"", ""primary_platform"": ""Instagram"", ""school_effort"": ""Rarely"", ""sleep_interference"": ""Sometimes"", ""social_comparison"": ""Sometimes"", ""social_media_hours"": ""Four or more hours""}",
126,teen_social_life_target_blueprints_126,pattern_anchor,declared response-pattern anchor,,,,explicit,"{""academic_confidence"": ""Very confident"", ""career_clarity"": ""A fairly clear idea"", ""connection_effect"": ""Makes little difference"", ""future_optimism"": ""A little optimistic"", ""homework_distraction"": ""Never"", ""late_night_use"": ""Never"", ""organized_activity"": ""One or two days a week"", ""parental_rules"": ""A few loose rules"", ""peer_belonging"": ""Sometimes"", ""posting_frequency"": ""Never or almost never"", ""primary_platform"": ""Another platform"", ""school_effort"": ""Rarely"", ""sleep_interference"": ""Never"", ""social_comparison"": ""Sometimes"", ""social_media_hours"": ""One to three hours""}",
127,teen_social_life_target_blueprints_127,pattern_anchor,declared response-pattern anchor,,,,explicit,"{""academic_confidence"": ""Very confident"", ""career_clarity"": ""A few vague ideas"", ""connection_effect"": ""Makes little difference"", ""future_optimism"": ""Somewhat optimistic"", ""homework_distraction"": ""Rarely"", ""late_night_use"": ""Never"", ""organized_activity"": ""Three or more days a week"", ""parental_rules"": ""No rules"", ""peer_belonging"": ""Sometimes"", ""posting_frequency"": ""A few times a week"", ""primary_platform"": ""Instagram"", ""school_effort"": ""Often"", ""sleep_interference"": ""Never"", ""social_comparison"": ""Rarely"", ""social_media_hours"": ""Less than one hour""}",
128,teen_social_life_target_blueprints_128,pattern_anchor,declared response-pattern anchor,,,,explicit,"{""academic_confidence"": ""A little confident"", ""career_clarity"": ""A fairly clear idea"", ""connection_effect"": ""Makes me feel less connected"", ""future_optimism"": ""Very optimistic"", ""homework_distraction"": ""Sometimes"", ""late_night_use"": ""Sometimes"", ""organized_activity"": ""One or two days a week"", ""parental_rules"": ""No rules"", ""peer_belonging"": ""Often"", ""posting_frequency"": ""At least once a day"", ""primary_platform"": ""YouTube"", ""school_effort"": ""Often"", ""sleep_interference"": ""Sometimes"", ""social_comparison"": ""Sometimes"", ""social_media_hours"": ""Less than one hour""}",
