job_id,support_id,status,code,message,item,raw_sum,min_probability,max_probability
pew_w154_diff1_uniform_n96_001,1,ok,,,hobbies,1.0,0.06,0.94
pew_w154_diff1_uniform_n96_001,1,ok,,,physical_abilities,1.0,0.12,0.88
pew_w154_diff1_uniform_n96_001,1,ok,,,parenting,1.0,0.07,0.93
pew_w154_diff1_uniform_n96_001,1,ok,,,feelings,1.0,0.1,0.9
pew_w154_diff1_uniform_n96_001,1,ok,,,workplace,1.0,0.05,0.95
pew_w154_diff1_uniform_n96_002,2,ok,,,hobbies,1.0,0.12,0.88
pew_w154_diff1_uniform_n96_002,2,ok,,,physical_abilities,1.0,0.3,0.7
pew_w154_diff1_uniform_n96_002,2,ok,,,parenting,1.0,0.18,0.82
pew_w154_diff1_uniform_n96_002,2,ok,,,feelings,1.0,0.24,0.76
pew_w154_diff1_uniform_n96_002,2,ok,,,workplace,1.0,0.18,0.82
pew_w154_diff1_uniform_n96_003,3,ok,,,hobbies,1.0,0.12,0.88
pew_w154_diff1_uniform_n96_003,3,ok,,,physical_abilities,1.0,0.14,0.86
pew_w154_diff1_uniform_n96_003,3,ok,,,parenting,1.0,0.13,0.87
pew_w154_diff1_uniform_n96_003,3,ok,,,feelings,1.0,0.12,0.88
pew_w154_diff1_uniform_n96_003,3,ok,,,workplace,1.0,0.11,0.89
pew_w154_diff1_uniform_n96_004,4,ok,,,hobbies,1.0,0.12,0.88
pew_w154_diff1_uniform_n96_004,4,ok,,,physical_abilities,1.0,0.18,0.82
pew_w154_diff1_uniform_n96_004,4,ok,,,parenting,1.0,0.14,0.86
pew_w154_diff1_uniform_n96_004,4,ok,,,feelings,1.0,0.16,0.84
pew_w154_diff1_uniform_n96_004,4,ok,,,workplace,1.0,0.2,0.8
pew_w154_diff1_uniform_n96_005,5,ok,,,hobbies,1.0,0.08,0.92
pew_w154_diff1_uniform_n96_005,5,ok,,,physical_abilities,1.0,0.22,0.78
pew_w154_diff1_uniform_n96_005,5,ok,,,parenting,1.0,0.13,0.87
pew_w154_diff1_uniform_n96_005,5,ok,,,feelings,1.0,0.16,0.84
pew_w154_diff1_uniform_n96_005,5,ok,,,workplace,1.0,0.07,0.93
pew_w154_diff1_uniform_n96_006,6,ok,,,hobbies,1.0,0.12,0.88
pew_w154_diff1_uniform_n96_006,6,ok,,,physical_abilities,1.0,0.18,0.82
pew_w154_diff1_uniform_n96_006,6,ok,,,parenting,1.0,0.16,0.84
pew_w154_diff1_uniform_n96_006,6,ok,,,feelings,1.0,0.21,0.79
pew_w154_diff1_uniform_n96_006,6,ok,,,workplace,1.0,0.18,0.82
pew_w154_diff1_uniform_n96_007,7,ok,,,hobbies,1.0,0.18,0.82
pew_w154_diff1_uniform_n96_007,7,ok,,,physical_abilities,1.0,0.28,0.72
pew_w154_diff1_uniform_n96_007,7,ok,,,parenting,1.0,0.27,0.73
pew_w154_diff1_uniform_n96_007,7,ok,,,feelings,1.0,0.18,0.82
pew_w154_diff1_uniform_n96_007,7,ok,,,workplace,1.0,0.16,0.84
pew_w154_diff1_uniform_n96_008,8,ok,,,hobbies,1.0,0.14,0.86
pew_w154_diff1_uniform_n96_008,8,ok,,,physical_abilities,1.0,0.22,0.78
pew_w154_diff1_uniform_n96_008,8,ok,,,parenting,1.0,0.18,0.82
pew_w154_diff1_uniform_n96_008,8,ok,,,feelings,1.0,0.12,0.88
pew_w154_diff1_uniform_n96_008,8,ok,,,workplace,1.0,0.2,0.8
pew_w154_diff1_uniform_n96_009,9,ok,,,hobbies,1.0,0.14,0.86
pew_w154_diff1_uniform_n96_009,9,ok,,,physical_abilities,1.0,0.12,0.88
pew_w154_diff1_uniform_n96_009,9,ok,,,parenting,1.0,0.18,0.82
pew_w154_diff1_uniform_n96_009,9,ok,,,feelings,1.0,0.26,0.74
pew_w154_diff1_uniform_n96_009,9,ok,,,workplace,1.0,0.13,0.87
pew_w154_diff1_uniform_n96_010,10,ok,,,hobbies,1.0,0.09,0.91
pew_w154_diff1_uniform_n96_010,10,ok,,,physical_abilities,1.0,0.08,0.92
pew_w154_diff1_uniform_n96_010,10,ok,,,parenting,1.0,0.12,0.88
pew_w154_diff1_uniform_n96_010,10,ok,,,feelings,1.0,0.16,0.84
pew_w154_diff1_uniform_n96_010,10,ok,,,workplace,1.0,0.13,0.87
pew_w154_diff1_uniform_n96_011,11,ok,,,hobbies,1.0,0.14,0.86
pew_w154_diff1_uniform_n96_011,11,ok,,,physical_abilities,1.0,0.1,0.9
pew_w154_diff1_uniform_n96_011,11,ok,,,parenting,1.0,0.22,0.78
pew_w154_diff1_uniform_n96_011,11,ok,,,feelings,1.0,0.18,0.82
pew_w154_diff1_uniform_n96_011,11,ok,,,workplace,1.0,0.16,0.84
pew_w154_diff1_uniform_n96_012,12,ok,,,hobbies,1.0,0.14,0.86
pew_w154_diff1_uniform_n96_012,12,ok,,,physical_abilities,1.0,0.08,0.92
pew_w154_diff1_uniform_n96_012,12,ok,,,parenting,1.0,0.18,0.82
pew_w154_diff1_uniform_n96_012,12,ok,,,feelings,1.0,0.16,0.84
pew_w154_diff1_uniform_n96_012,12,ok,,,workplace,1.0,0.22,0.78
pew_w154_diff1_uniform_n96_013,13,ok,,,hobbies,1.0,0.16,0.84
pew_w154_diff1_uniform_n96_013,13,ok,,,physical_abilities,1.0,0.12,0.88
pew_w154_diff1_uniform_n96_013,13,ok,,,parenting,1.0,0.22,0.78
pew_w154_diff1_uniform_n96_013,13,ok,,,feelings,1.0,0.32,0.68
pew_w154_diff1_uniform_n96_013,13,ok,,,workplace,1.0,0.14,0.86
pew_w154_diff1_uniform_n96_014,14,ok,,,hobbies,1.0,0.22,0.78
pew_w154_diff1_uniform_n96_014,14,ok,,,physical_abilities,1.0,0.12,0.88
pew_w154_diff1_uniform_n96_014,14,ok,,,parenting,1.0,0.24,0.76
pew_w154_diff1_uniform_n96_014,14,ok,,,feelings,1.0,0.32,0.68
pew_w154_diff1_uniform_n96_014,14,ok,,,workplace,1.0,0.27,0.73
pew_w154_diff1_uniform_n96_015,15,ok,,,hobbies,1.0,0.14,0.86
pew_w154_diff1_uniform_n96_015,15,ok,,,physical_abilities,1.0,0.08,0.92
pew_w154_diff1_uniform_n96_015,15,ok,,,parenting,1.0,0.18,0.82
pew_w154_diff1_uniform_n96_015,15,ok,,,feelings,1.0,0.12,0.88
pew_w154_diff1_uniform_n96_015,15,ok,,,workplace,1.0,0.11,0.89
pew_w154_diff1_uniform_n96_016,16,ok,,,hobbies,1.0,0.14,0.86
pew_w154_diff1_uniform_n96_016,16,ok,,,physical_abilities,1.0,0.07,0.93
pew_w154_diff1_uniform_n96_016,16,ok,,,parenting,1.0,0.18,0.82
pew_w154_diff1_uniform_n96_016,16,ok,,,feelings,1.0,0.12,0.88
pew_w154_diff1_uniform_n96_016,16,ok,,,workplace,1.0,0.2,0.8
pew_w154_diff1_uniform_n96_017,17,ok,,,hobbies,1.0,0.08,0.92
pew_w154_diff1_uniform_n96_017,17,ok,,,physical_abilities,1.0,0.1,0.9
pew_w154_diff1_uniform_n96_017,17,ok,,,parenting,1.0,0.09,0.91
pew_w154_diff1_uniform_n96_017,17,ok,,,feelings,1.0,0.12,0.88
pew_w154_diff1_uniform_n96_017,17,ok,,,workplace,1.0,0.07,0.93
pew_w154_diff1_uniform_n96_018,18,ok,,,hobbies,1.0,0.12,0.88
pew_w154_diff1_uniform_n96_018,18,ok,,,physical_abilities,1.0,0.22,0.78
pew_w154_diff1_uniform_n96_018,18,ok,,,parenting,1.0,0.18,0.82
pew_w154_diff1_uniform_n96_018,18,ok,,,feelings,1.0,0.26,0.74
pew_w154_diff1_uniform_n96_018,18,ok,,,workplace,1.0,0.18,0.82
pew_w154_diff1_uniform_n96_019,19,ok,,,hobbies,1.0,0.08,0.92
pew_w154_diff1_uniform_n96_019,19,ok,,,physical_abilities,1.0,0.18,0.82
pew_w154_diff1_uniform_n96_019,19,ok,,,parenting,1.0,0.14,0.86
pew_w154_diff1_uniform_n96_019,19,ok,,,feelings,1.0,0.1,0.9
pew_w154_diff1_uniform_n96_019,19,ok,,,workplace,1.0,0.12,0.88
pew_w154_diff1_uniform_n96_020,20,ok,,,hobbies,1.0,0.08,0.92
pew_w154_diff1_uniform_n96_020,20,ok,,,physical_abilities,1.0,0.14,0.86
pew_w154_diff1_uniform_n96_020,20,ok,,,parenting,1.0,0.12,0.88
pew_w154_diff1_uniform_n96_020,20,ok,,,feelings,1.0,0.1,0.9
pew_w154_diff1_uniform_n96_020,20,ok,,,workplace,1.0,0.15,0.85
pew_w154_diff1_uniform_n96_021,21,ok,,,hobbies,1.0,0.12,0.88
pew_w154_diff1_uniform_n96_021,21,ok,,,physical_abilities,1.0,0.22,0.78
pew_w154_diff1_uniform_n96_021,21,ok,,,parenting,1.0,0.18,0.82
pew_w154_diff1_uniform_n96_021,21,ok,,,feelings,1.0,0.26,0.74
pew_w154_diff1_uniform_n96_021,21,ok,,,workplace,1.0,0.14,0.86
pew_w154_diff1_uniform_n96_022,22,ok,,,hobbies,1.0,0.16,0.84
pew_w154_diff1_uniform_n96_022,22,ok,,,physical_abilities,1.0,0.28,0.72
pew_w154_diff1_uniform_n96_022,22,ok,,,parenting,1.0,0.22,0.78
pew_w154_diff1_uniform_n96_022,22,ok,,,feelings,1.0,0.31,0.69
pew_w154_diff1_uniform_n96_022,22,ok,,,workplace,1.0,0.18,0.82
pew_w154_diff1_uniform_n96_023,23,ok,,,hobbies,1.0,0.14,0.86
pew_w154_diff1_uniform_n96_023,23,ok,,,physical_abilities,1.0,0.22,0.78
pew_w154_diff1_uniform_n96_023,23,ok,,,parenting,1.0,0.18,0.82
pew_w154_diff1_uniform_n96_023,23,ok,,,feelings,1.0,0.12,0.88
pew_w154_diff1_uniform_n96_023,23,ok,,,workplace,1.0,0.16,0.84
pew_w154_diff1_uniform_n96_024,24,ok,,,hobbies,1.0,0.18,0.82
pew_w154_diff1_uniform_n96_024,24,ok,,,physical_abilities,1.0,0.24,0.76
pew_w154_diff1_uniform_n96_024,24,ok,,,parenting,1.0,0.22,0.78
pew_w154_diff1_uniform_n96_024,24,ok,,,feelings,1.0,0.15,0.85
pew_w154_diff1_uniform_n96_024,24,ok,,,workplace,1.0,0.24,0.76
pew_w154_diff1_uniform_n96_025,25,ok,,,hobbies,1.0,0.18,0.82
pew_w154_diff1_uniform_n96_025,25,ok,,,physical_abilities,1.0,0.08,0.92
pew_w154_diff1_uniform_n96_025,25,ok,,,parenting,1.0,0.22,0.78
pew_w154_diff1_uniform_n96_025,25,ok,,,feelings,1.0,0.32,0.68
pew_w154_diff1_uniform_n96_025,25,ok,,,workplace,1.0,0.14,0.86
pew_w154_diff1_uniform_n96_026,26,ok,,,hobbies,1.0,0.18,0.82
pew_w154_diff1_uniform_n96_026,26,ok,,,physical_abilities,1.0,0.08,0.92
pew_w154_diff1_uniform_n96_026,26,ok,,,parenting,1.0,0.22,0.78
pew_w154_diff1_uniform_n96_026,26,ok,,,feelings,1.0,0.3,0.7
pew_w154_diff1_uniform_n96_026,26,ok,,,workplace,1.0,0.24,0.76
pew_w154_diff1_uniform_n96_027,27,ok,,,hobbies,1.0,0.12,0.88
pew_w154_diff1_uniform_n96_027,27,ok,,,physical_abilities,1.0,0.06,0.94
pew_w154_diff1_uniform_n96_027,27,ok,,,parenting,1.0,0.18,0.82
pew_w154_diff1_uniform_n96_027,27,ok,,,feelings,1.0,0.15,0.85
pew_w154_diff1_uniform_n96_027,27,ok,,,workplace,1.0,0.13,0.87
pew_w154_diff1_uniform_n96_028,28,ok,,,hobbies,1.0,0.12,0.88
pew_w154_diff1_uniform_n96_028,28,ok,,,physical_abilities,1.0,0.06,0.94
pew_w154_diff1_uniform_n96_028,28,ok,,,parenting,1.0,0.18,0.82
pew_w154_diff1_uniform_n96_028,28,ok,,,feelings,1.0,0.1,0.9
pew_w154_diff1_uniform_n96_028,28,ok,,,workplace,1.0,0.18,0.82
pew_w154_diff1_uniform_n96_029,29,ok,,,hobbies,1.0,0.08,0.92
pew_w154_diff1_uniform_n96_029,29,ok,,,physical_abilities,1.0,0.04,0.96
pew_w154_diff1_uniform_n96_029,29,ok,,,parenting,1.0,0.12,0.88
pew_w154_diff1_uniform_n96_029,29,ok,,,feelings,1.0,0.18,0.82
pew_w154_diff1_uniform_n96_029,29,ok,,,workplace,1.0,0.1,0.9
pew_w154_diff1_uniform_n96_030,30,ok,,,hobbies,1.0,0.08,0.92
pew_w154_diff1_uniform_n96_030,30,ok,,,physical_abilities,1.0,0.04,0.96
pew_w154_diff1_uniform_n96_030,30,ok,,,parenting,1.0,0.14,0.86
pew_w154_diff1_uniform_n96_030,30,ok,,,feelings,1.0,0.18,0.82
pew_w154_diff1_uniform_n96_030,30,ok,,,workplace,1.0,0.18,0.82
pew_w154_diff1_uniform_n96_031,31,ok,,,hobbies,1.0,0.07,0.93
pew_w154_diff1_uniform_n96_031,31,ok,,,physical_abilities,1.0,0.04,0.96
pew_w154_diff1_uniform_n96_031,31,ok,,,parenting,1.0,0.1,0.9
pew_w154_diff1_uniform_n96_031,31,ok,,,feelings,1.0,0.06,0.94
pew_w154_diff1_uniform_n96_031,31,ok,,,workplace,1.0,0.09,0.91
pew_w154_diff1_uniform_n96_032,32,ok,,,hobbies,1.0,0.08,0.92
pew_w154_diff1_uniform_n96_032,32,ok,,,physical_abilities,1.0,0.03,0.97
pew_w154_diff1_uniform_n96_032,32,ok,,,parenting,1.0,0.1,0.9
pew_w154_diff1_uniform_n96_032,32,ok,,,feelings,1.0,0.06,0.94
pew_w154_diff1_uniform_n96_032,32,ok,,,workplace,1.0,0.12,0.88
pew_w154_diff1_uniform_n96_033,33,ok,,,hobbies,1.0,0.08,0.92
pew_w154_diff1_uniform_n96_033,33,ok,,,physical_abilities,1.0,0.18,0.82
pew_w154_diff1_uniform_n96_033,33,ok,,,parenting,1.0,0.12,0.88
pew_w154_diff1_uniform_n96_033,33,ok,,,feelings,1.0,0.14,0.86
pew_w154_diff1_uniform_n96_033,33,ok,,,workplace,1.0,0.07,0.93
pew_w154_diff1_uniform_n96_034,34,ok,,,hobbies,1.0,0.1,0.9
pew_w154_diff1_uniform_n96_034,34,ok,,,physical_abilities,1.0,0.16,0.84
pew_w154_diff1_uniform_n96_034,34,ok,,,parenting,1.0,0.13,0.87
pew_w154_diff1_uniform_n96_034,34,ok,,,feelings,1.0,0.14,0.86
pew_w154_diff1_uniform_n96_034,34,ok,,,workplace,1.0,0.14,0.86
pew_w154_diff1_uniform_n96_035,35,ok,,,hobbies,1.0,0.09,0.91
pew_w154_diff1_uniform_n96_035,35,ok,,,physical_abilities,1.0,0.22,0.78
pew_w154_diff1_uniform_n96_035,35,ok,,,parenting,1.0,0.16,0.84
pew_w154_diff1_uniform_n96_035,35,ok,,,feelings,1.0,0.13,0.87
pew_w154_diff1_uniform_n96_035,35,ok,,,workplace,1.0,0.11,0.89
pew_w154_diff1_uniform_n96_036,36,ok,,,hobbies,1.0,0.04,0.96
pew_w154_diff1_uniform_n96_036,36,ok,,,physical_abilities,1.0,0.04,0.96
pew_w154_diff1_uniform_n96_036,36,ok,,,parenting,1.0,0.04,0.96
pew_w154_diff1_uniform_n96_036,36,ok,,,feelings,1.0,0.04,0.96
pew_w154_diff1_uniform_n96_036,36,ok,,,workplace,1.0,0.04,0.96
pew_w154_diff1_uniform_n96_037,37,ok,,,hobbies,1.0,0.14,0.86
pew_w154_diff1_uniform_n96_037,37,ok,,,physical_abilities,1.0,0.26,0.74
pew_w154_diff1_uniform_n96_037,37,ok,,,parenting,1.0,0.18,0.82
pew_w154_diff1_uniform_n96_037,37,ok,,,feelings,1.0,0.23,0.77
pew_w154_diff1_uniform_n96_037,37,ok,,,workplace,1.0,0.12,0.88
pew_w154_diff1_uniform_n96_038,38,ok,,,hobbies,1.0,0.22,0.78
pew_w154_diff1_uniform_n96_038,38,ok,,,physical_abilities,1.0,0.35,0.65
pew_w154_diff1_uniform_n96_038,38,ok,,,parenting,1.0,0.28,0.72
pew_w154_diff1_uniform_n96_038,38,ok,,,feelings,1.0,0.38,0.62
pew_w154_diff1_uniform_n96_038,38,ok,,,workplace,1.0,0.31,0.69
pew_w154_diff1_uniform_n96_039,39,ok,,,hobbies,1.0,0.18,0.82
pew_w154_diff1_uniform_n96_039,39,ok,,,physical_abilities,1.0,0.32,0.68
pew_w154_diff1_uniform_n96_039,39,ok,,,parenting,1.0,0.24,0.76
pew_w154_diff1_uniform_n96_039,39,ok,,,feelings,1.0,0.18,0.82
pew_w154_diff1_uniform_n96_039,39,ok,,,workplace,1.0,0.14,0.86
pew_w154_diff1_uniform_n96_040,40,ok,,,hobbies,1.0,0.14,0.86
pew_w154_diff1_uniform_n96_040,40,ok,,,physical_abilities,1.0,0.26,0.74
pew_w154_diff1_uniform_n96_040,40,ok,,,parenting,1.0,0.22,0.78
pew_w154_diff1_uniform_n96_040,40,ok,,,feelings,1.0,0.15,0.85
pew_w154_diff1_uniform_n96_040,40,ok,,,workplace,1.0,0.27,0.73
pew_w154_diff1_uniform_n96_041,41,ok,,,hobbies,1.0,0.12,0.88
pew_w154_diff1_uniform_n96_041,41,ok,,,physical_abilities,1.0,0.1,0.9
pew_w154_diff1_uniform_n96_041,41,ok,,,parenting,1.0,0.16,0.84
pew_w154_diff1_uniform_n96_041,41,ok,,,feelings,1.0,0.22,0.78
pew_w154_diff1_uniform_n96_041,41,ok,,,workplace,1.0,0.14,0.86
pew_w154_diff1_uniform_n96_042,42,ok,,,hobbies,1.0,0.14,0.86
pew_w154_diff1_uniform_n96_042,42,ok,,,physical_abilities,1.0,0.1,0.9
pew_w154_diff1_uniform_n96_042,42,ok,,,parenting,1.0,0.22,0.78
pew_w154_diff1_uniform_n96_042,42,ok,,,feelings,1.0,0.27,0.73
pew_w154_diff1_uniform_n96_042,42,ok,,,workplace,1.0,0.23,0.77
pew_w154_diff1_uniform_n96_043,43,ok,,,hobbies,1.0,0.11,0.89
pew_w154_diff1_uniform_n96_043,43,ok,,,physical_abilities,1.0,0.08,0.92
pew_w154_diff1_uniform_n96_043,43,ok,,,parenting,1.0,0.16,0.84
pew_w154_diff1_uniform_n96_043,43,ok,,,feelings,1.0,0.13,0.87
pew_w154_diff1_uniform_n96_043,43,ok,,,workplace,1.0,0.12,0.88
pew_w154_diff1_uniform_n96_044,44,ok,,,hobbies,1.0,0.13,0.87
pew_w154_diff1_uniform_n96_044,44,ok,,,physical_abilities,1.0,0.08,0.92
pew_w154_diff1_uniform_n96_044,44,ok,,,parenting,1.0,0.18,0.82
pew_w154_diff1_uniform_n96_044,44,ok,,,feelings,1.0,0.16,0.84
pew_w154_diff1_uniform_n96_044,44,ok,,,workplace,1.0,0.24,0.76
pew_w154_diff1_uniform_n96_045,45,ok,,,hobbies,1.0,0.12,0.88
pew_w154_diff1_uniform_n96_045,45,ok,,,physical_abilities,1.0,0.08,0.92
pew_w154_diff1_uniform_n96_045,45,ok,,,parenting,1.0,0.18,0.82
pew_w154_diff1_uniform_n96_045,45,ok,,,feelings,1.0,0.24,0.76
pew_w154_diff1_uniform_n96_045,45,ok,,,workplace,1.0,0.14,0.86
pew_w154_diff1_uniform_n96_046,46,ok,,,hobbies,1.0,0.12,0.88
pew_w154_diff1_uniform_n96_046,46,ok,,,physical_abilities,1.0,0.06,0.94
pew_w154_diff1_uniform_n96_046,46,ok,,,parenting,1.0,0.15,0.85
pew_w154_diff1_uniform_n96_046,46,ok,,,feelings,1.0,0.18,0.82
pew_w154_diff1_uniform_n96_046,46,ok,,,workplace,1.0,0.17,0.83
pew_w154_diff1_uniform_n96_047,47,ok,,,hobbies,1.0,0.18,0.82
pew_w154_diff1_uniform_n96_047,47,ok,,,physical_abilities,1.0,0.08,0.92
pew_w154_diff1_uniform_n96_047,47,ok,,,parenting,1.0,0.22,0.78
pew_w154_diff1_uniform_n96_047,47,ok,,,feelings,1.0,0.12,0.88
pew_w154_diff1_uniform_n96_047,47,ok,,,workplace,1.0,0.15,0.85
pew_w154_diff1_uniform_n96_048,48,ok,,,hobbies,1.0,0.14,0.86
pew_w154_diff1_uniform_n96_048,48,ok,,,physical_abilities,1.0,0.08,0.92
pew_w154_diff1_uniform_n96_048,48,ok,,,parenting,1.0,0.16,0.84
pew_w154_diff1_uniform_n96_048,48,ok,,,feelings,1.0,0.1,0.9
pew_w154_diff1_uniform_n96_048,48,ok,,,workplace,1.0,0.18,0.82
pew_w154_diff1_uniform_n96_049,49,ok,,,hobbies,1.0,0.12,0.88
pew_w154_diff1_uniform_n96_049,49,ok,,,physical_abilities,1.0,0.22,0.78
pew_w154_diff1_uniform_n96_049,49,ok,,,parenting,1.0,0.16,0.84
pew_w154_diff1_uniform_n96_049,49,ok,,,feelings,1.0,0.24,0.76
pew_w154_diff1_uniform_n96_049,49,ok,,,workplace,1.0,0.12,0.88
pew_w154_diff1_uniform_n96_050,50,ok,,,hobbies,1.0,0.14,0.86
pew_w154_diff1_uniform_n96_050,50,ok,,,physical_abilities,1.0,0.22,0.78
pew_w154_diff1_uniform_n96_050,50,ok,,,parenting,1.0,0.19,0.81
pew_w154_diff1_uniform_n96_050,50,ok,,,feelings,1.0,0.26,0.74
pew_w154_diff1_uniform_n96_050,50,ok,,,workplace,1.0,0.23,0.77
pew_w154_diff1_uniform_n96_051,51,ok,,,hobbies,1.0,0.12,0.88
pew_w154_diff1_uniform_n96_051,51,ok,,,physical_abilities,1.0,0.18,0.82
pew_w154_diff1_uniform_n96_051,51,ok,,,parenting,1.0,0.16,0.84
pew_w154_diff1_uniform_n96_051,51,ok,,,feelings,1.0,0.14,0.86
pew_w154_diff1_uniform_n96_051,51,ok,,,workplace,1.0,0.13,0.87
pew_w154_diff1_uniform_n96_052,52,ok,,,hobbies,1.0,0.12,0.88
pew_w154_diff1_uniform_n96_052,52,ok,,,physical_abilities,1.0,0.18,0.82
pew_w154_diff1_uniform_n96_052,52,ok,,,parenting,1.0,0.21,0.79
pew_w154_diff1_uniform_n96_052,52,ok,,,feelings,1.0,0.14,0.86
pew_w154_diff1_uniform_n96_052,52,ok,,,workplace,1.0,0.18,0.82
pew_w154_diff1_uniform_n96_053,53,ok,,,hobbies,1.0,0.12,0.88
pew_w154_diff1_uniform_n96_053,53,ok,,,physical_abilities,1.0,0.22,0.78
pew_w154_diff1_uniform_n96_053,53,ok,,,parenting,1.0,0.2,0.8
pew_w154_diff1_uniform_n96_053,53,ok,,,feelings,1.0,0.27,0.73
pew_w154_diff1_uniform_n96_053,53,ok,,,workplace,1.0,0.14,0.86
pew_w154_diff1_uniform_n96_054,54,ok,,,hobbies,1.0,0.12,0.88
pew_w154_diff1_uniform_n96_054,54,ok,,,physical_abilities,1.0,0.18,0.82
pew_w154_diff1_uniform_n96_054,54,ok,,,parenting,1.0,0.22,0.78
pew_w154_diff1_uniform_n96_054,54,ok,,,feelings,1.0,0.24,0.76
pew_w154_diff1_uniform_n96_054,54,ok,,,workplace,1.0,0.28,0.72
pew_w154_diff1_uniform_n96_055,55,ok,,,hobbies,1.0,0.12,0.88
pew_w154_diff1_uniform_n96_055,55,ok,,,physical_abilities,1.0,0.22,0.78
pew_w154_diff1_uniform_n96_055,55,ok,,,parenting,1.0,0.17,0.83
pew_w154_diff1_uniform_n96_055,55,ok,,,feelings,1.0,0.1,0.9
pew_w154_diff1_uniform_n96_055,55,ok,,,workplace,1.0,0.16,0.84
pew_w154_diff1_uniform_n96_056,56,ok,,,hobbies,1.0,0.08,0.92
pew_w154_diff1_uniform_n96_056,56,ok,,,physical_abilities,1.0,0.12,0.88
pew_w154_diff1_uniform_n96_056,56,ok,,,parenting,1.0,0.1,0.9
pew_w154_diff1_uniform_n96_056,56,ok,,,feelings,1.0,0.06,0.94
pew_w154_diff1_uniform_n96_056,56,ok,,,workplace,1.0,0.12,0.88
pew_w154_diff1_uniform_n96_057,57,ok,,,hobbies,1.0,0.12,0.88
pew_w154_diff1_uniform_n96_057,57,ok,,,physical_abilities,1.0,0.08,0.92
pew_w154_diff1_uniform_n96_057,57,ok,,,parenting,1.0,0.16,0.84
pew_w154_diff1_uniform_n96_057,57,ok,,,feelings,1.0,0.22,0.78
pew_w154_diff1_uniform_n96_057,57,ok,,,workplace,1.0,0.13,0.87
pew_w154_diff1_uniform_n96_058,58,ok,,,hobbies,1.0,0.18,0.82
pew_w154_diff1_uniform_n96_058,58,ok,,,physical_abilities,1.0,0.05,0.95
pew_w154_diff1_uniform_n96_058,58,ok,,,parenting,1.0,0.22,0.78
pew_w154_diff1_uniform_n96_058,58,ok,,,feelings,1.0,0.3,0.7
pew_w154_diff1_uniform_n96_058,58,ok,,,workplace,1.0,0.25,0.75
pew_w154_diff1_uniform_n96_059,59,ok,,,hobbies,1.0,0.18,0.82
pew_w154_diff1_uniform_n96_059,59,ok,,,physical_abilities,1.0,0.08,0.92
pew_w154_diff1_uniform_n96_059,59,ok,,,parenting,1.0,0.27,0.73
pew_w154_diff1_uniform_n96_059,59,ok,,,feelings,1.0,0.2,0.8
pew_w154_diff1_uniform_n96_059,59,ok,,,workplace,1.0,0.22,0.78
pew_w154_diff1_uniform_n96_060,60,ok,,,hobbies,1.0,0.08,0.92
pew_w154_diff1_uniform_n96_060,60,ok,,,physical_abilities,1.0,0.04,0.96
pew_w154_diff1_uniform_n96_060,60,ok,,,parenting,1.0,0.18,0.82
pew_w154_diff1_uniform_n96_060,60,ok,,,feelings,1.0,0.07,0.93
pew_w154_diff1_uniform_n96_060,60,ok,,,workplace,1.0,0.18,0.82
pew_w154_diff1_uniform_n96_061,61,ok,,,hobbies,1.0,0.08,0.92
pew_w154_diff1_uniform_n96_061,61,ok,,,physical_abilities,1.0,0.04,0.96
pew_w154_diff1_uniform_n96_061,61,ok,,,parenting,1.0,0.12,0.88
pew_w154_diff1_uniform_n96_061,61,ok,,,feelings,1.0,0.18,0.82
pew_w154_diff1_uniform_n96_061,61,ok,,,workplace,1.0,0.1,0.9
pew_w154_diff1_uniform_n96_062,62,ok,,,hobbies,1.0,0.08,0.92
pew_w154_diff1_uniform_n96_062,62,ok,,,physical_abilities,1.0,0.04,0.96
pew_w154_diff1_uniform_n96_062,62,ok,,,parenting,1.0,0.12,0.88
pew_w154_diff1_uniform_n96_062,62,ok,,,feelings,1.0,0.14,0.86
pew_w154_diff1_uniform_n96_062,62,ok,,,workplace,1.0,0.18,0.82
pew_w154_diff1_uniform_n96_063,63,ok,,,hobbies,1.0,0.08,0.92
pew_w154_diff1_uniform_n96_063,63,ok,,,physical_abilities,1.0,0.04,0.96
pew_w154_diff1_uniform_n96_063,63,ok,,,parenting,1.0,0.12,0.88
pew_w154_diff1_uniform_n96_063,63,ok,,,feelings,1.0,0.07,0.93
pew_w154_diff1_uniform_n96_063,63,ok,,,workplace,1.0,0.11,0.89
pew_w154_diff1_uniform_n96_064,64,ok,,,hobbies,1.0,0.04,0.96
pew_w154_diff1_uniform_n96_064,64,ok,,,physical_abilities,1.0,0.02,0.98
pew_w154_diff1_uniform_n96_064,64,ok,,,parenting,1.0,0.05,0.95
pew_w154_diff1_uniform_n96_064,64,ok,,,feelings,1.0,0.03,0.97
pew_w154_diff1_uniform_n96_064,64,ok,,,workplace,1.0,0.06,0.94
pew_w154_diff1_uniform_n96_065,65,ok,,,hobbies,1.0,0.07,0.93
pew_w154_diff1_uniform_n96_065,65,ok,,,physical_abilities,1.0,0.14,0.86
pew_w154_diff1_uniform_n96_065,65,ok,,,parenting,1.0,0.09,0.91
pew_w154_diff1_uniform_n96_065,65,ok,,,feelings,1.0,0.12,0.88
pew_w154_diff1_uniform_n96_065,65,ok,,,workplace,1.0,0.06,0.94
pew_w154_diff1_uniform_n96_066,66,ok,,,hobbies,1.0,0.12,0.88
pew_w154_diff1_uniform_n96_066,66,ok,,,physical_abilities,1.0,0.22,0.78
pew_w154_diff1_uniform_n96_066,66,ok,,,parenting,1.0,0.16,0.84
pew_w154_diff1_uniform_n96_066,66,ok,,,feelings,1.0,0.18,0.82
pew_w154_diff1_uniform_n96_066,66,ok,,,workplace,1.0,0.18,0.82
pew_w154_diff1_uniform_n96_067,67,ok,,,hobbies,1.0,0.09,0.91
pew_w154_diff1_uniform_n96_067,67,ok,,,physical_abilities,1.0,0.16,0.84
pew_w154_diff1_uniform_n96_067,67,ok,,,parenting,1.0,0.12,0.88
pew_w154_diff1_uniform_n96_067,67,ok,,,feelings,1.0,0.13,0.87
pew_w154_diff1_uniform_n96_067,67,ok,,,workplace,1.0,0.08,0.92
pew_w154_diff1_uniform_n96_068,68,ok,,,hobbies,1.0,0.12,0.88
pew_w154_diff1_uniform_n96_068,68,ok,,,physical_abilities,1.0,0.18,0.82
pew_w154_diff1_uniform_n96_068,68,ok,,,parenting,1.0,0.14,0.86
pew_w154_diff1_uniform_n96_068,68,ok,,,feelings,1.0,0.16,0.84
pew_w154_diff1_uniform_n96_068,68,ok,,,workplace,1.0,0.18,0.82
pew_w154_diff1_uniform_n96_069,69,ok,,,hobbies,1.0,0.14,0.86
pew_w154_diff1_uniform_n96_069,69,ok,,,physical_abilities,1.0,0.26,0.74
pew_w154_diff1_uniform_n96_069,69,ok,,,parenting,1.0,0.18,0.82
pew_w154_diff1_uniform_n96_069,69,ok,,,feelings,1.0,0.28,0.72
pew_w154_diff1_uniform_n96_069,69,ok,,,workplace,1.0,0.11,0.89
pew_w154_diff1_uniform_n96_070,70,ok,,,hobbies,1.0,0.14,0.86
pew_w154_diff1_uniform_n96_070,70,ok,,,physical_abilities,1.0,0.28,0.72
pew_w154_diff1_uniform_n96_070,70,ok,,,parenting,1.0,0.24,0.76
pew_w154_diff1_uniform_n96_070,70,ok,,,feelings,1.0,0.32,0.68
pew_w154_diff1_uniform_n96_070,70,ok,,,workplace,1.0,0.27,0.73
pew_w154_diff1_uniform_n96_071,71,ok,,,hobbies,1.0,0.16,0.84
pew_w154_diff1_uniform_n96_071,71,ok,,,physical_abilities,1.0,0.28,0.72
pew_w154_diff1_uniform_n96_071,71,ok,,,parenting,1.0,0.24,0.76
pew_w154_diff1_uniform_n96_071,71,ok,,,feelings,1.0,0.18,0.82
pew_w154_diff1_uniform_n96_071,71,ok,,,workplace,1.0,0.14,0.86
pew_w154_diff1_uniform_n96_072,72,ok,,,hobbies,1.0,0.22,0.78
pew_w154_diff1_uniform_n96_072,72,ok,,,physical_abilities,1.0,0.38,0.62
pew_w154_diff1_uniform_n96_072,72,ok,,,parenting,1.0,0.27,0.73
pew_w154_diff1_uniform_n96_072,72,ok,,,feelings,1.0,0.18,0.82
pew_w154_diff1_uniform_n96_072,72,ok,,,workplace,1.0,0.35,0.65
pew_w154_diff1_uniform_n96_073,73,ok,,,hobbies,1.0,0.08,0.92
pew_w154_diff1_uniform_n96_073,73,ok,,,physical_abilities,1.0,0.07,0.93
pew_w154_diff1_uniform_n96_073,73,ok,,,parenting,1.0,0.12,0.88
pew_w154_diff1_uniform_n96_073,73,ok,,,feelings,1.0,0.16,0.84
pew_w154_diff1_uniform_n96_073,73,ok,,,workplace,1.0,0.09,0.91
pew_w154_diff1_uniform_n96_074,74,ok,,,hobbies,1.0,0.16,0.84
pew_w154_diff1_uniform_n96_074,74,ok,,,physical_abilities,1.0,0.12,0.88
pew_w154_diff1_uniform_n96_074,74,ok,,,parenting,1.0,0.22,0.78
pew_w154_diff1_uniform_n96_074,74,ok,,,feelings,1.0,0.28,0.72
pew_w154_diff1_uniform_n96_074,74,ok,,,workplace,1.0,0.27,0.73
pew_w154_diff1_uniform_n96_075,75,ok,,,hobbies,1.0,0.25,0.75
pew_w154_diff1_uniform_n96_075,75,ok,,,physical_abilities,1.0,0.25,0.75
pew_w154_diff1_uniform_n96_075,75,ok,,,parenting,1.0,0.25,0.75
pew_w154_diff1_uniform_n96_075,75,ok,,,feelings,1.0,0.25,0.75
pew_w154_diff1_uniform_n96_075,75,ok,,,workplace,1.0,0.25,0.75
pew_w154_diff1_uniform_n96_076,76,ok,,,hobbies,1.0,0.14,0.86
pew_w154_diff1_uniform_n96_076,76,ok,,,physical_abilities,1.0,0.08,0.92
pew_w154_diff1_uniform_n96_076,76,ok,,,parenting,1.0,0.22,0.78
pew_w154_diff1_uniform_n96_076,76,ok,,,feelings,1.0,0.18,0.82
pew_w154_diff1_uniform_n96_076,76,ok,,,workplace,1.0,0.24,0.76
pew_w154_diff1_uniform_n96_077,77,ok,,,hobbies,1.0,0.11,0.89
pew_w154_diff1_uniform_n96_077,77,ok,,,physical_abilities,1.0,0.08,0.92
pew_w154_diff1_uniform_n96_077,77,ok,,,parenting,1.0,0.18,0.82
pew_w154_diff1_uniform_n96_077,77,ok,,,feelings,1.0,0.26,0.74
pew_w154_diff1_uniform_n96_077,77,ok,,,workplace,1.0,0.14,0.86
pew_w154_diff1_uniform_n96_078,78,ok,,,hobbies,1.0,0.12,0.88
pew_w154_diff1_uniform_n96_078,78,ok,,,physical_abilities,1.0,0.08,0.92
pew_w154_diff1_uniform_n96_078,78,ok,,,parenting,1.0,0.22,0.78
pew_w154_diff1_uniform_n96_078,78,ok,,,feelings,1.0,0.26,0.74
pew_w154_diff1_uniform_n96_078,78,ok,,,workplace,1.0,0.25,0.75
pew_w154_diff1_uniform_n96_079,79,ok,,,hobbies,1.0,0.18,0.82
pew_w154_diff1_uniform_n96_079,79,ok,,,physical_abilities,1.0,0.08,0.92
pew_w154_diff1_uniform_n96_079,79,ok,,,parenting,1.0,0.19,0.81
pew_w154_diff1_uniform_n96_079,79,ok,,,feelings,1.0,0.13,0.87
pew_w154_diff1_uniform_n96_079,79,ok,,,workplace,1.0,0.14,0.86
pew_w154_diff1_uniform_n96_080,80,ok,,,hobbies,1.0,0.18,0.82
pew_w154_diff1_uniform_n96_080,80,ok,,,physical_abilities,1.0,0.06,0.94
pew_w154_diff1_uniform_n96_080,80,ok,,,parenting,1.0,0.24,0.76
pew_w154_diff1_uniform_n96_080,80,ok,,,feelings,1.0,0.13,0.87
pew_w154_diff1_uniform_n96_080,80,ok,,,workplace,1.0,0.28,0.72
pew_w154_diff1_uniform_n96_081,81,ok,,,hobbies,1.0,0.08,0.92
pew_w154_diff1_uniform_n96_081,81,ok,,,physical_abilities,1.0,0.11,0.89
pew_w154_diff1_uniform_n96_081,81,ok,,,parenting,1.0,0.1,0.9
pew_w154_diff1_uniform_n96_081,81,ok,,,feelings,1.0,0.14,0.86
pew_w154_diff1_uniform_n96_081,81,ok,,,workplace,1.0,0.09,0.91
pew_w154_diff1_uniform_n96_082,82,ok,,,hobbies,1.0,0.08,0.92
pew_w154_diff1_uniform_n96_082,82,ok,,,physical_abilities,1.0,0.22,0.78
pew_w154_diff1_uniform_n96_082,82,ok,,,parenting,1.0,0.14,0.86
pew_w154_diff1_uniform_n96_082,82,ok,,,feelings,1.0,0.26,0.74
pew_w154_diff1_uniform_n96_082,82,ok,,,workplace,1.0,0.18,0.82
pew_w154_diff1_uniform_n96_083,83,ok,,,hobbies,1.0,0.08,0.92
pew_w154_diff1_uniform_n96_083,83,ok,,,physical_abilities,1.0,0.1,0.9
pew_w154_diff1_uniform_n96_083,83,ok,,,parenting,1.0,0.16,0.84
pew_w154_diff1_uniform_n96_083,83,ok,,,feelings,1.0,0.12,0.88
pew_w154_diff1_uniform_n96_083,83,ok,,,workplace,1.0,0.09,0.91
pew_w154_diff1_uniform_n96_084,84,ok,,,hobbies,1.0,0.12,0.88
pew_w154_diff1_uniform_n96_084,84,ok,,,physical_abilities,1.0,0.18,0.82
pew_w154_diff1_uniform_n96_084,84,ok,,,parenting,1.0,0.21,0.79
pew_w154_diff1_uniform_n96_084,84,ok,,,feelings,1.0,0.1,0.9
pew_w154_diff1_uniform_n96_084,84,ok,,,workplace,1.0,0.18,0.82
pew_w154_diff1_uniform_n96_085,85,ok,,,hobbies,1.0,0.15,0.85
pew_w154_diff1_uniform_n96_085,85,ok,,,physical_abilities,1.0,0.15,0.85
pew_w154_diff1_uniform_n96_085,85,ok,,,parenting,1.0,0.15,0.85
pew_w154_diff1_uniform_n96_085,85,ok,,,feelings,1.0,0.15,0.85
pew_w154_diff1_uniform_n96_085,85,ok,,,workplace,1.0,0.15,0.85
pew_w154_diff1_uniform_n96_086,86,ok,,,hobbies,1.0,0.12,0.88
pew_w154_diff1_uniform_n96_086,86,ok,,,physical_abilities,1.0,0.18,0.82
pew_w154_diff1_uniform_n96_086,86,ok,,,parenting,1.0,0.18,0.82
pew_w154_diff1_uniform_n96_086,86,ok,,,feelings,1.0,0.24,0.76
pew_w154_diff1_uniform_n96_086,86,ok,,,workplace,1.0,0.16,0.84
pew_w154_diff1_uniform_n96_087,87,ok,,,hobbies,1.0,0.08,0.92
pew_w154_diff1_uniform_n96_087,87,ok,,,physical_abilities,1.0,0.16,0.84
pew_w154_diff1_uniform_n96_087,87,ok,,,parenting,1.0,0.18,0.82
pew_w154_diff1_uniform_n96_087,87,ok,,,feelings,1.0,0.1,0.9
pew_w154_diff1_uniform_n96_087,87,ok,,,workplace,1.0,0.12,0.88
pew_w154_diff1_uniform_n96_088,88,ok,,,hobbies,1.0,0.13,0.87
pew_w154_diff1_uniform_n96_088,88,ok,,,physical_abilities,1.0,0.18,0.82
pew_w154_diff1_uniform_n96_088,88,ok,,,parenting,1.0,0.16,0.84
pew_w154_diff1_uniform_n96_088,88,ok,,,feelings,1.0,0.11,0.89
pew_w154_diff1_uniform_n96_088,88,ok,,,workplace,1.0,0.18,0.82
pew_w154_diff1_uniform_n96_089,89,ok,,,hobbies,1.0,0.18,0.82
pew_w154_diff1_uniform_n96_089,89,ok,,,physical_abilities,1.0,0.1,0.9
pew_w154_diff1_uniform_n96_089,89,ok,,,parenting,1.0,0.22,0.78
pew_w154_diff1_uniform_n96_089,89,ok,,,feelings,1.0,0.3,0.7
pew_w154_diff1_uniform_n96_089,89,ok,,,workplace,1.0,0.16,0.84
pew_w154_diff1_uniform_n96_090,90,ok,,,hobbies,1.0,0.1,0.9
pew_w154_diff1_uniform_n96_090,90,ok,,,physical_abilities,1.0,0.08,0.92
pew_w154_diff1_uniform_n96_090,90,ok,,,parenting,1.0,0.12,0.88
pew_w154_diff1_uniform_n96_090,90,ok,,,feelings,1.0,0.14,0.86
pew_w154_diff1_uniform_n96_090,90,ok,,,workplace,1.0,0.11,0.89
pew_w154_diff1_uniform_n96_091,91,ok,,,hobbies,1.0,0.18,0.82
pew_w154_diff1_uniform_n96_091,91,ok,,,physical_abilities,1.0,0.1,0.9
pew_w154_diff1_uniform_n96_091,91,ok,,,parenting,1.0,0.26,0.74
pew_w154_diff1_uniform_n96_091,91,ok,,,feelings,1.0,0.2,0.8
pew_w154_diff1_uniform_n96_091,91,ok,,,workplace,1.0,0.22,0.78
pew_w154_diff1_uniform_n96_092,92,ok,,,hobbies,1.0,0.18,0.82
pew_w154_diff1_uniform_n96_092,92,ok,,,physical_abilities,1.0,0.08,0.92
pew_w154_diff1_uniform_n96_092,92,ok,,,parenting,1.0,0.26,0.74
pew_w154_diff1_uniform_n96_092,92,ok,,,feelings,1.0,0.16,0.84
pew_w154_diff1_uniform_n96_092,92,ok,,,workplace,1.0,0.28,0.72
pew_w154_diff1_uniform_n96_093,93,ok,,,hobbies,1.0,0.12,0.88
pew_w154_diff1_uniform_n96_093,93,ok,,,physical_abilities,1.0,0.08,0.92
pew_w154_diff1_uniform_n96_093,93,ok,,,parenting,1.0,0.18,0.82
pew_w154_diff1_uniform_n96_093,93,ok,,,feelings,1.0,0.22,0.78
pew_w154_diff1_uniform_n96_093,93,ok,,,workplace,1.0,0.16,0.84
pew_w154_diff1_uniform_n96_094,94,ok,,,hobbies,1.0,0.16,0.84
pew_w154_diff1_uniform_n96_094,94,ok,,,physical_abilities,1.0,0.08,0.92
pew_w154_diff1_uniform_n96_094,94,ok,,,parenting,1.0,0.22,0.78
pew_w154_diff1_uniform_n96_094,94,ok,,,feelings,1.0,0.28,0.72
pew_w154_diff1_uniform_n96_094,94,ok,,,workplace,1.0,0.24,0.76
pew_w154_diff1_uniform_n96_095,95,ok,,,hobbies,1.0,0.05,0.95
pew_w154_diff1_uniform_n96_095,95,ok,,,physical_abilities,1.0,0.05,0.95
pew_w154_diff1_uniform_n96_095,95,ok,,,parenting,1.0,0.05,0.95
pew_w154_diff1_uniform_n96_095,95,ok,,,feelings,1.0,0.05,0.95
pew_w154_diff1_uniform_n96_095,95,ok,,,workplace,1.0,0.05,0.95
pew_w154_diff1_uniform_n96_096,96,ok,,,hobbies,1.0,0.04,0.96
pew_w154_diff1_uniform_n96_096,96,ok,,,physical_abilities,1.0,0.02,0.98
pew_w154_diff1_uniform_n96_096,96,ok,,,parenting,1.0,0.05,0.95
pew_w154_diff1_uniform_n96_096,96,ok,,,feelings,1.0,0.03,0.97
pew_w154_diff1_uniform_n96_096,96,ok,,,workplace,1.0,0.08,0.92
