tag,support_id,job_id
trust_coverage_n12,1,trust_coverage_n12_001
trust_coverage_n12,2,trust_coverage_n12_002
trust_coverage_n12,3,trust_coverage_n12_003
trust_coverage_n12,4,trust_coverage_n12_004
trust_coverage_n12,5,trust_coverage_n12_005
trust_coverage_n12,6,trust_coverage_n12_006
trust_coverage_n12,7,trust_coverage_n12_007
trust_coverage_n12,8,trust_coverage_n12_008
trust_coverage_n12,9,trust_coverage_n12_009
trust_coverage_n12,10,trust_coverage_n12_010
trust_coverage_n12,11,trust_coverage_n12_011
trust_coverage_n12,12,trust_coverage_n12_012
